Group,NOP2,NSUN2,NSUN3,NSUN4,NSUN5,NSUN6,NSUN7,DNMT1,DNMT3A,DNMT3B,TRDMT1,TET1,TET2,TET3,ALKBH1,ALYREF,YBX1,CODE,SampleName
Tumor,16.99943787,9.479742168,3.899881032,5.349968366,6.889936199,4.349858205,0,32.56963631,9.280126991,0.510001701,1.700019878,0.009999639,1.360031069,4.659872345,2.589983809,20.16985035,189.0851652,LAML,sample1
Tumor,19.12946452,13.48976262,3.969993502,8.46981041,7.449824079,5.720129497,0,36.21110155,9.399907295,0.520016151,1.780015411,0.049998549,2.429915929,4.979877743,2.700011907,20.17963968,263.3603818,LAML,sample2
Tumor,22.3505039,14.57982049,4.659872345,11.1600434,8.519865627,5.769914673,0,42.77115525,9.68969408,0.76001669,2.030013741,0.070001829,2.670037073,7.980168595,3.039903427,20.17963968,269.3791994,LAML,sample3
Tumor,27.49976793,17.97998314,5.239847029,11.21977174,8.720038856,5.880156982,0,46.48099225,9.820204694,0.780003003,2.059936422,0.080001925,3.889889476,8.28973496,3.380117141,21.18001764,283.7732749,LAML,sample4
Tumor,28.52093587,20.66948021,5.519886722,12.17020413,8.96025008,6.409780443,0,46.64883263,9.900176757,0.940021767,2.069960447,0.089999347,5.869974539,8.929865529,3.520036054,21.79059665,284.6795267,LAML,sample5
Tumor,30.58925016,21.52039962,5.839937712,12.40959174,9.300091313,6.429807926,0,57.75103987,10.40035805,1.110031715,2.550065604,0.120001765,6.360204645,9.379728723,3.610003954,21.98022677,287.1170063,LAML,sample6
Tumor,31.6899719,22.64053712,5.919832333,12.67036465,9.390138055,6.899974012,0,59.46940518,11.24001186,1.120010662,2.559987125,0.120001765,8.479797874,10.24010867,3.639912324,22.20996238,322.1515044,LAML,sample7
Tumor,32.58092639,23.93980902,6.129904788,12.68970226,9.590124685,7.099890698,0,67.08779843,11.46030964,1.190021949,2.619968473,0.129996484,8.519865627,10.35001258,4.090131755,23.14995817,342.9598292,LAML,sample8
Tumor,33.12977393,24.02958725,6.329853451,13.25983761,9.820204694,7.610073752,0,69.63203498,11.9801958,1.220031145,2.81003224,0.129996484,8.819741876,10.40035805,4.159912644,23.34979883,344.0550971,LAML,sample9
Tumor,33.72992555,25.19984144,6.689898691,13.41981147,9.980108155,7.780239579,0,70.40858821,12.40959174,1.250015791,2.829976945,0.159996363,10.25005153,10.50979581,4.249993344,26.07046956,345.7524891,LAML,sample10
Tumor,33.77906034,25.82048379,6.949901014,13.57983237,9.980108155,7.949799835,0,71.44097208,12.93034111,1.449952208,2.840002301,0.159996363,10.26000404,10.5799701,4.360123966,26.13017333,350.9193981,LAML,sample11
Tumor,35.46095086,26.00909926,7.060134513,13.80956081,10.00990155,8.089898927,0,72.56893134,12.94020453,1.600029621,3.219980664,0.170003766,10.38019054,10.79032418,4.619983698,27.44073893,361.1353923,LAML,sample12
Tumor,36.02084072,26.24999133,7.210003289,13.87961899,10.5997909,8.110113599,0,74.01165167,13.40029023,1.719943818,3.28994063,0.170003766,11.41986486,10.86990391,4.679945604,28.989333,363.7481332,LAML,sample13
Tumor,36.36957931,27.33063764,7.379916658,13.89983846,10.68981549,8.169928343,0,74.82148623,13.40029023,1.750025386,3.410012401,0.170003766,11.73037327,10.96982413,4.700105314,29.48994199,372.7323245,LAML,sample14
Tumor,37.84056894,27.50930062,7.519872295,13.98004217,10.79032418,8.210239411,0,76.86107397,14.01011632,1.81996097,3.569930363,0.189994103,12.38982206,11.05992397,4.709891158,30.14093227,380.0633772,LAML,sample15
Tumor,38.29973041,27.75061834,7.649743734,14.71996151,11.01020155,8.65979824,0,78.06919673,14.25996793,1.860028308,3.689969971,0.200004541,12.50978144,11.43967287,4.749897233,30.22042955,380.3269091,LAML,sample16
Tumor,38.64909352,28.96924539,7.850128293,15.26976043,11.03006364,9.099841823,0,78.43804143,14.33032406,1.949981368,3.739937855,0.230005643,12.76026993,11.73037327,4.749897233,30.72099503,383.8227036,LAML,sample17
Tumor,39.03951015,29.75069586,7.899806892,15.54961788,11.10987091,9.180309913,0,78.90154883,14.35020527,2.009981765,3.759957491,0.259996072,13.03021772,11.9801958,4.799883741,30.79988715,389.0458262,LAML,sample18
Tumor,39.12891307,29.82089438,8.010098046,15.57982802,11.41986486,9.889887648,0,79.26883125,14.4500258,2.049960917,3.759957491,0.299992616,13.12995554,12.17020413,4.869939283,31.1498581,390.1259897,LAML,sample19
Tumor,39.28109585,30.08040402,8.03011334,15.70016823,11.44998661,10.21033792,0,79.98080862,14.67004774,2.140022564,3.759957491,0.319989943,13.2800748,12.45008879,4.900081033,31.41004424,392.8395375,LAML,sample20
Tumor,39.49131406,30.51935843,8.169928343,15.9801575,11.63965231,10.26996621,0,81.0692114,15.16007346,2.239933753,3.849911585,0.329999284,13.48041478,12.87042608,4.939989534,32.47045216,393.4935926,LAML,sample21
Tumor,39.6696464,31.03993265,8.489797114,16.1102888,11.82999905,10.3902694,0,82.01878177,15.35999752,2.51006609,3.969993502,0.329999284,14.08021581,12.90974189,4.969875603,32.75982993,395.8736839,LAML,sample22
Tumor,39.85983426,31.27968065,8.499808144,16.15950078,11.90981312,10.7500078,0.009999639,82.58927447,15.53991993,2.729944509,4.110030285,0.380009797,14.10952734,12.93034111,5.189955068,33.75097456,396.4778231,LAML,sample23
Tumor,40.37986752,31.81101828,8.640010294,16.26965021,11.90981312,10.87970401,0.009999639,82.60072471,15.93038734,2.890062905,4.370110956,0.38998902,14.18995721,13.06005926,5.200039519,33.83061165,397.1929946,LAML,sample24
Tumor,40.50040357,31.83969673,8.809964783,16.39986499,12.2701623,10.89026783,0.009999639,82.68092082,15.93038734,2.890062905,4.560157537,0.400007187,14.47007306,13.09995431,5.310060634,33.92924636,398.1301658,LAML,sample25
Tumor,40.59033826,31.93031362,8.970193938,16.42944899,12.31959479,11.00028392,0.009999639,82.69811583,16.2899632,3.019945171,4.56996889,0.420002294,14.60004782,13.4402928,5.380095832,34.00930408,400.1775419,LAML,sample26
Tumor,41.42027336,32.05894399,9.070241418,16.529976,12.74965982,11.03006364,0.009999639,83.40041756,16.34992105,3.030012916,4.610064991,0.430012017,15.03032206,13.84022762,5.420154036,34.12974499,400.6493703,LAML,sample27
Tumor,41.46048832,32.88040407,9.140304131,16.67960835,12.80990065,11.22988724,0.009999639,83.49875156,16.36012447,3.259967358,4.740028284,0.440015113,15.16953438,14.46004596,5.420154036,34.39097353,405.5388848,LAML,sample28
Tumor,41.94030947,33.79076964,9.159967684,16.72012488,12.9195896,11.26028848,0.019999518,84.27792458,16.37033425,3.380117141,4.829926824,0.450000207,15.24966239,14.75981014,5.509946035,34.50080656,406.8622036,LAML,sample29
Tumor,42.20862187,34.45062195,9.30976688,16.80960801,12.97973348,11.52004759,0.019999518,85.17056772,16.38055041,3.560043354,4.880078655,0.470000338,15.40051109,14.8100293,5.529845339,34.61099034,412.1130959,LAML,sample30
Tumor,42.57888062,34.92912741,9.550319149,16.80960801,13.01036125,11.62997391,0.019999518,85.85815088,16.57012909,3.709979419,4.909942736,0.470000338,15.44006119,14.86969325,5.579908526,35.75962386,415.2385352,LAML,sample31
Tumor,42.83049117,34.95092476,9.620087665,16.80960801,13.20022587,11.68978581,0.019999518,87.05066579,16.6103797,3.849911585,4.939989534,0.490001726,15.72958044,14.92028625,5.600060455,36.12085305,423.8754488,LAML,sample32
Tumor,43.13139735,35.2404163,9.68969408,16.91949653,13.24973058,11.70032502,0.019999518,88.70132409,16.6900175,3.919941182,4.99994244,0.490001726,16.09019985,14.97001364,5.619895525,36.22114306,424.4046346,LAML,sample33
Tumor,43.14036742,35.3995532,9.740203335,17.0100466,13.25983761,11.71006196,0.019999518,89.4484062,16.93005538,3.930009908,5.119909276,0.510001701,16.2099867,15.18952683,5.630034539,36.33933969,425.3175593,LAML,sample34
Tumor,43.35019928,35.68039216,9.769957871,17.11056728,13.5497425,11.87025042,0.019999518,89.75273057,17.01948214,3.949951126,5.23004797,0.510001701,17.05018382,15.31959051,5.679823185,36.38975303,427.6529336,LAML,sample35
Tumor,43.38928027,35.78938108,9.799803292,17.14975283,13.56007837,11.89001532,0.029999742,90.72222371,17.70050353,3.960096916,5.270085158,0.520016151,17.78043682,15.38983927,5.690070297,36.4200346,427.8901411,LAML,sample36
Tumor,43.47056111,35.9211053,10.05022893,17.42053694,13.8603897,12.46995463,0.029999742,91.23934521,17.89046973,3.969993502,5.289851772,0.530005975,17.800168,15.56040049,5.7599231,36.51103058,431.6435612,LAML,sample37
Tumor,43.69108354,36.07081223,10.05022893,17.44954271,13.8603897,12.50024608,0.029999742,92.37844669,18.1301685,4.100068952,5.420154036,0.539999813,17.90039362,15.70016823,5.970113533,36.8108921,433.4124156,LAML,sample38
Tumor,43.7607947,36.16093569,10.13980306,17.46043233,13.87961899,12.62039963,0.029999742,92.71844336,18.37053159,4.17986077,5.600060455,0.560010625,17.93019832,15.76014018,5.999987813,36.98993854,433.6828773,LAML,sample39
Tumor,44.55043511,36.38975303,10.14964853,17.51012661,14.10952734,12.77000362,0.029999742,93.739462,18.82037339,4.230003854,5.679823185,0.560010625,17.98995668,16.18977344,6.040052816,37.31959288,437.0021898,LAML,sample40
Tumor,44.7113045,36.43013406,10.18983245,17.55996232,14.12029018,12.81967219,0.029999742,94.67980059,18.88048068,4.289958654,5.709828262,0.570014783,18.17042935,16.2201028,6.099806613,37.3610057,439.401723,LAML,sample41
Tumor,44.9692812,36.96943209,10.30991172,17.62948185,14.51025107,12.8802438,0.029999742,95.66935191,19.19987297,4.420083554,5.720129497,0.59998463,18.24995435,16.54946676,6.190118186,38.1487051,442.5807033,LAML,sample42
Tumor,45.35118015,37.68874163,10.5997909,17.66005964,14.75981014,12.8999017,0.040000917,96.72286571,19.34951422,4.560157537,5.749948825,0.620014991,18.43047981,16.5597947,6.260029939,39.21036609,444.7949988,LAML,sample43
Tumor,45.70146262,37.70964706,10.72024097,17.86939973,14.97001364,13.18011035,0.040000917,98.48180853,19.55039984,4.629923741,5.799993489,0.629994791,18.45988742,16.77003709,6.270019475,39.33013733,446.1227055,LAML,sample44
Tumor,45.94922434,38.45935036,10.77985729,17.89046973,15.06996614,13.20022587,0.040000917,100.3631346,19.75063258,4.740028284,5.799993489,0.629994791,18.76045745,16.97000386,6.270019475,39.73018726,448.6345082,LAML,sample45
Tumor,47.15926762,38.52872543,10.8202856,18.05992653,15.08982737,13.66955585,0.040000917,100.9631985,20.01941535,4.930067494,5.829824903,0.649986712,19.12946452,17.33020428,6.280024949,39.74946963,453.606285,LAML,sample46
Tumor,47.80103063,38.70002844,10.83004096,18.11007153,15.22009242,13.7503371,0.040000917,101.2786139,20.23005991,4.949931539,5.990013149,0.659989839,19.23984161,17.360263,6.300083815,41.00889089,454.4560047,LAML,sample47
Tumor,48.07016959,38.83977278,10.89026783,18.18050852,15.30048747,13.87000102,0.040000917,102.9704087,20.24970178,5.160176614,6.030011558,0.679987395,19.27054056,17.39037386,6.520030647,41.00889089,455.7177754,LAML,sample48
Tumor,48.20029493,39.46942094,11.00028392,18.30062696,15.31959051,13.92974009,0.040000917,104.9011183,20.30029706,5.210143561,6.12013845,0.750007906,19.48951086,17.51983953,6.549931213,41.1912207,456.6664019,LAML,sample49
Tumor,48.37099048,39.6696464,11.00028392,18.33999497,15.41012205,14.08021581,0.040000917,107.4920817,21.00020204,5.289851772,6.129904788,0.750007906,19.53008241,17.67965724,6.569941053,41.19978728,458.2200737,LAML,sample50
Tumor,48.41124191,39.68889939,11.06989536,18.62957118,15.69037638,14.12029018,0.040000917,107.5964443,21.71068816,5.300130293,6.230156709,0.76001669,19.73968299,17.74965062,6.590012013,41.31990652,459.87465,LAML,sample51
Tumor,49.29846208,39.7797894,11.38035167,18.8099395,15.70996618,14.20964369,0.040000917,107.9176204,21.81931464,5.320009576,6.300083815,0.780003003,19.91974918,17.89046973,6.639997705,42.14138328,461.855224,LAML,sample52
Tumor,49.44904744,40.00931273,11.41986486,18.85955206,15.76014018,14.41001454,0.049998549,108.3223161,21.84049949,5.479851324,6.329853451,0.810014717,19.91974918,17.98995668,6.669985937,42.17060428,461.9512743,LAML,sample53
Tumor,49.45933136,40.81039161,11.44998661,18.96968674,15.86976758,14.48010713,0.049998549,108.932207,22.07030456,5.850068061,6.400011941,0.840012996,19.95983268,17.99993576,6.729902692,42.36984513,462.8807909,LAML,sample54
Tumor,49.46961742,40.92937558,11.54002936,18.98020924,16.02008556,14.55962119,0.049998549,109.2119406,22.11011695,6.270019475,6.420008907,0.840012996,19.99029465,18.07996785,6.75982826,42.49926701,463.362309,LAML,sample55
Tumor,49.72057185,40.96911394,11.5897338,19.05006837,16.15054198,14.56971734,0.049998549,110.9516258,23.28998906,6.329853451,6.460190448,0.849981692,20.09031377,18.14022534,6.789886877,42.59068791,463.4907984,LAML,sample56
Tumor,49.75849711,41.06008942,11.7702857,19.27054056,16.2099867,14.60004782,0.049998549,111.5067366,23.60039124,6.360204645,6.61014428,0.860008867,20.43017116,18.38964278,6.799778951,42.708941,465.0032204,LAML,sample57
Tumor,49.82061904,41.58136763,11.79969562,19.34012757,16.2201028,14.67004774,0.060001985,112.0413237,24.04958365,6.360204645,6.639997705,0.86997306,20.45000732,18.39984355,6.810157532,42.78894739,465.5514812,LAML,sample58
Tumor,50.81109348,41.74019504,11.82999905,19.50978609,16.47963585,14.70976125,0.060001985,112.2200884,24.05958809,6.549931213,6.689898691,0.900000618,20.61939409,18.75005677,6.839965717,42.96132009,469.8957568,LAML,sample59
Tumor,51.1396999,42.17937453,11.99016562,19.75063258,16.61959356,14.82954798,0.060001985,112.4770751,24.20008796,6.639997705,6.789886877,0.900000618,20.91014276,18.94997277,6.910026447,43.09852308,472.7379742,LAML,sample60
Tumor,51.17161308,42.27010732,12.12977653,19.76021846,16.78981089,14.83983129,0.060001985,112.633111,24.40053501,6.859910278,6.789886877,0.909985502,21.15067486,19.23050816,6.939790579,43.23017071,472.8690634,LAML,sample61
Tumor,51.35995062,42.29062236,12.13987083,19.82057916,17.01948214,14.92028625,0.070001829,112.7502799,24.48015976,6.920093525,6.789886877,0.940021767,21.64007109,19.27054056,7.040095938,43.59125711,473.5578786,LAML,sample62
Tumor,51.38131549,42.39040858,12.31020438,19.87974616,17.03010338,15.06996614,0.080001925,112.7580955,25.18936288,7.129978232,6.799778951,0.959994447,21.7996614,19.3602474,7.099890698,43.62148343,474.6094316,LAML,sample63
Tumor,51.48827317,42.41098201,12.31959479,20.0305201,17.05964162,15.28034898,0.080001925,113.4479935,26.13017333,7.310158355,6.839965717,0.969970924,22.70025262,19.50978609,7.180075845,43.69108354,474.7081343,LAML,sample64
Tumor,51.65986877,42.7504071,12.4302546,20.22024612,17.28940791,15.35041781,0.080001925,113.5109205,26.7199612,7.310158355,6.849930739,1.050027196,22.73962499,19.61011965,7.200013642,44.0102365,478.5072539,LAML,sample65
Tumor,51.92913245,42.75929793,12.54973544,20.23005991,17.34943586,15.41973901,0.080001925,113.7314397,27.2908824,7.359990962,6.869904353,1.050027196,22.92003047,19.64958013,7.220006794,44.07129134,479.5365569,LAML,sample66
Tumor,53.10121004,42.77115525,12.60990581,20.3101497,17.64048375,15.58955088,0.080001925,113.7629774,27.33063764,7.610073752,6.910026447,1.059981867,22.95023688,19.77940417,7.230024177,44.08045687,483.1733303,LAML,sample67
Tumor,53.13066432,43.0298669,12.65017957,20.41035425,17.88055134,15.65018514,0.089999347,114.0867435,27.45025116,7.80996069,6.930175267,1.080025084,23.06026904,19.83019899,7.230024177,44.35016205,488.1216881,LAML,sample68
Tumor,53.57073071,43.29914647,12.70026248,20.48973742,17.89046973,15.83021415,0.089999347,115.936221,27.50930062,7.990132634,6.949901014,1.110031715,23.34008952,19.96952009,7.240055457,44.46097102,488.5955952,LAML,sample69
Tumor,53.57815784,43.57011114,12.890069,20.499682,18.05992653,15.85986997,0.089999347,116.2500551,28.11072347,8.000109112,6.960026176,1.140000956,23.53993961,20.04024182,7.260159783,44.73920619,488.934382,LAML,sample70
Tumor,54.2809258,44.00108558,12.97973348,20.53950861,18.19059329,15.93038734,0.089999347,116.8397732,28.16924098,8.150129573,7.080230117,1.150009707,23.93980902,20.09031377,7.279815243,44.89142112,492.6424276,LAML,sample71
Tumor,54.71155409,44.38091459,13.00044437,20.67951202,18.26007763,15.94032895,0.099998096,117.4080657,28.22983704,8.370000131,7.250100652,1.16996666,23.96969776,20.17963968,7.30002996,44.99110621,493.1549056,LAML,sample72
Tumor,55.16853823,44.51030828,13.01036125,20.74987117,18.48037255,15.9602308,0.099998096,119.476902,28.2396228,8.389751335,7.30002996,1.190021949,24.37010905,20.36936605,7.329949157,45.05039893,498.2745591,LAML,sample73
Tumor,55.24124325,44.92877712,13.08996913,20.75994199,18.77997427,16.0100942,0.099998096,119.5183171,28.72927705,8.389751335,7.440017954,1.23999732,24.59070741,20.67951202,7.340119058,45.6191726,500.6633773,LAML,sample74
Tumor,55.34088963,44.95993086,13.09995431,21.2005818,19.1493652,16.10024119,0.10999757,120.9433865,29.38994823,8.439918532,7.509973979,1.270031689,24.6094648,20.71968798,7.349793532,45.65080506,500.732789,LAML,sample75
Tumor,55.40998086,45.17861276,13.09995431,21.28008792,19.25985712,16.24035393,0.120001765,121.0104709,29.93065196,8.65979824,7.509973979,1.270031689,24.65043969,20.75994199,7.370202539,46.32017678,501.1841992,LAML,sample76
Tumor,55.52917356,45.20053936,13.12995554,21.46973985,19.43015833,16.31030154,0.120001765,121.0524176,30.14929055,8.769748693,7.540230778,1.280026216,25.02056288,20.87972645,7.430224735,46.49065892,504.1457735,LAML,sample77
Tumor,55.59079266,45.21934206,13.13997121,21.53980111,19.48951086,16.34992105,0.120001765,122.3515195,30.27074634,9.099841823,7.570084657,1.290009843,25.05006442,21.03954253,7.460160278,46.92124058,505.0551573,LAML,sample78
Tumor,55.67948992,45.30091086,13.21029514,21.58015241,19.67956863,16.5597947,0.129996484,122.6317073,30.61046106,9.239686276,7.570084657,1.329990247,25.31012979,21.10966324,7.460160278,47.1886969,511.1125399,LAML,sample79
Tumor,56.07843853,45.48024998,13.26995235,21.71971968,19.84945264,16.70969695,0.129996484,123.3221641,31.1498581,9.30976688,7.60005672,1.329990247,25.56048948,21.2005818,7.490216411,47.21159904,511.1479688,LAML,sample80
Tumor,56.19127869,45.60968714,13.2800748,21.87989735,20.0305201,16.80960801,0.129996484,123.6988551,31.32090381,9.329794958,7.630147435,1.349974085,25.87961508,21.29041607,7.519872295,47.47083788,513.7765352,LAML,sample81
Tumor,56.23024171,45.6191726,13.31971853,22.03056386,20.06943527,17.05018382,0.129996484,123.7503111,31.34044952,9.409686696,7.659826246,1.349974085,25.91012949,21.41029277,7.570084657,47.54987554,515.2030056,LAML,sample82
Tumor,56.51157413,45.78072761,13.35022303,22.09020179,20.23987846,17.16045537,0.129996484,123.7588892,31.6899719,9.500135874,7.739892961,1.360031069,26.24089501,21.42959499,7.630147435,47.9503657,520.6237184,LAML,sample83
Tumor,56.55859953,46.07999617,13.37986986,22.22074183,20.24970178,17.22958764,0.140003219,124.6110695,31.79999499,9.51001954,7.88011635,1.369972849,26.29916599,21.45932471,7.640204122,48.13018373,520.8763884,LAML,sample84
Tumor,56.8809887,46.10875196,13.40958252,22.33037223,20.32000713,17.64048375,0.149997859,124.853153,31.87944805,9.570201224,7.939886087,1.400041801,26.50964746,21.58015241,7.669922044,48.20029493,528.2207878,LAML,sample85
Tumor,57.32032289,46.17911946,13.4402928,22.70025262,20.34960811,17.86939973,0.159996363,124.8877747,32.21934418,9.68969408,7.95972596,1.449952208,26.59984187,21.62957333,7.709903964,48.23037385,532.0423542,LAML,sample86
Tumor,57.32826986,46.69088734,13.44961283,22.72071774,20.41035425,18.00992036,0.159996363,124.957047,32.71898088,9.709866278,8.02009945,1.460044379,26.64043707,21.76040801,7.750094276,48.37099048,544.277033,LAML,sample87
Tumor,57.55921198,46.80105589,13.47013963,22.7301694,20.48973742,18.11007153,0.170003766,125.3213571,33.499251,9.820204694,8.040139732,1.480029113,26.82946215,21.81024172,7.789954018,48.83929469,544.9187611,LAML,sample88
Tumor,57.55921198,46.8789784,13.50005274,22.82964954,20.71968798,18.15028776,0.180004817,125.4082541,33.62021602,9.889887648,8.079810491,1.490020404,26.9992339,21.84049949,7.830018738,49.09045426,545.1076487,LAML,sample89
Tumor,57.6590427,47.01891416,13.5403531,22.84072972,20.80027421,18.30950911,0.189994103,126.5609567,33.92924636,10.21033792,8.169928343,1.490020404,27.38942981,21.86928325,7.839795323,49.11087507,547.1897378,LAML,sample90
Tumor,59.09137177,47.36894199,13.62037087,22.89938583,20.82046969,18.47012714,0.200004541,127.2029799,34.2696108,10.24010867,8.180129286,1.509996166,27.46928551,21.8905166,7.9299847,49.32922628,551.7983703,LAML,sample91
Tumor,59.12824701,47.78115446,13.79042858,23.02991781,20.99001466,18.49959801,0.200004541,127.3971043,34.37905625,10.24010867,8.189775203,1.530027292,27.57038815,22.00004279,7.939886087,50.36925048,553.1003296,LAML,sample92
Tumor,59.27186961,47.98028865,13.80956081,23.25933549,21.01039436,18.49959801,0.20999782,129.1397052,34.46017529,10.2999108,8.210239411,1.530027292,27.81031392,22.00004279,7.95972596,50.62125958,553.9828083,LAML,sample93
Tumor,59.37878646,48.11017069,13.80956081,23.27062421,21.09942277,18.58056358,0.20999782,129.2919679,34.52951629,10.37012146,8.210239411,1.540035397,27.99017221,22.22074183,7.990132634,50.8005285,553.9828083,LAML,sample94
Tumor,59.49001963,48.34082387,13.8603897,23.34008952,21.34065273,18.77997427,0.20999782,129.5790671,34.76005588,10.38019054,8.21992083,1.540035397,28.13996702,22.3195396,8.040139732,50.94157569,555.0205583,LAML,sample95
Tumor,59.51064122,48.46832211,13.8603897,23.35951217,21.48016004,18.79951139,0.219997201,129.6509415,34.90008543,10.56970725,8.230184186,1.540035397,28.16924098,22.52938404,8.050178641,51.34927153,556.3686837,LAML,sample96
Tumor,59.51889185,49.38054262,13.91044136,23.77938225,21.79059665,19.01049395,0.219997201,130.4441957,35.18915589,10.66021531,8.28973496,1.550001412,28.27096003,22.62955404,8.089898927,51.71002512,559.5787713,LAML,sample97
Tumor,59.87060332,49.62072557,14.08021581,23.78927429,21.91025175,19.03950714,0.219997201,130.8426409,35.94103027,10.89026783,8.300085475,1.560031879,28.29056345,22.76959366,8.089898927,52.18171129,566.9184673,LAML,sample98
Tumor,60.6517015,49.68956359,14.13988002,23.8008202,21.98937041,19.19987297,0.230005643,130.8789235,35.98091337,10.90991358,8.330059606,1.579959051,28.61995686,23.15958839,8.099999958,53.51876959,568.5712982,LAML,sample99
Tumor,60.7611073,49.78954839,14.14968513,23.88014327,22.09939117,19.23050816,0.239999156,133.2497645,35.99089106,11.13994728,8.449870752,1.589962687,28.62987784,23.19975742,8.099999958,54.02942032,568.61071,LAML,sample100
Tumor,61.23889907,49.8689897,14.24021173,23.93980902,22.16997022,19.27989344,0.239999156,134.213804,36.12085305,11.43016074,8.449870752,1.589962687,28.69942111,23.30937001,8.110113599,54.10812475,569.2416704,LAML,sample101
Tumor,61.23889907,49.8689897,14.28965364,24.20008796,22.47011801,19.52060816,0.250007086,134.558459,36.15091087,11.719807,8.479797874,1.600029621,28.99938202,23.32068302,8.139966036,54.3185642,569.6363761,LAML,sample102
Tumor,62.20147153,49.92086753,14.32039378,24.22022623,22.70025262,19.7205358,0.259996072,135.0443356,36.18099369,11.90981312,8.499808144,1.600029621,29.05974937,23.34008952,8.150129573,54.68880451,573.3202727,LAML,sample103
Tumor,62.62978255,50.12891907,14.32039378,24.5107231,22.70969576,19.87010231,0.259996072,135.0724204,36.27893586,11.9801958,8.570216628,1.600029621,29.05974937,23.39029776,8.250177405,54.70017812,575.3505789,LAML,sample104
Tumor,63.09164814,50.53011118,14.36015622,24.5107231,22.81066743,20.0305201,0.259996072,135.4756117,37.0592318,12.13987083,8.640010294,1.620017875,29.10006406,23.53993961,8.259905912,54.90911395,583.1800375,LAML,sample105
Tumor,63.3809438,50.6282778,14.46004596,24.88047315,22.95978402,20.16006576,0.27000662,136.10624,37.27047477,12.28974107,8.729716163,1.649954088,29.17074939,23.54973205,8.259905912,55.11884783,588.0917929,LAML,sample106
Tumor,63.59217348,50.63880696,14.47007306,25.01015887,22.99004282,20.52954471,0.27000662,136.8535888,37.60002278,12.37008387,8.740010068,1.690027358,29.21931853,23.62985624,8.270219187,55.31021008,588.5811582,LAML,sample107
Tumor,63.75105757,50.82166066,14.54953203,25.18063408,23.06986194,20.6895487,0.310002913,137.1479722,37.62870306,12.50978144,8.879863753,1.709952846,29.44092302,23.66920015,8.279971325,55.62162784,588.8668093,LAML,sample108
Tumor,63.87933618,51.39912633,14.6203032,25.54986096,23.14995817,20.78009832,0.319989943,137.2716116,37.64957519,12.65982929,8.879863753,1.709952846,29.69918475,23.96969776,8.28973496,55.77992681,596.9215726,LAML,sample109
Tumor,64.64100313,51.52040388,14.68022046,25.56048948,23.27062421,20.84068477,0.360007321,137.4715724,37.87993407,12.73994163,8.949696808,1.709952846,29.75069586,24.05958809,8.28973496,55.96970443,605.2123495,LAML,sample110
Tumor,64.92840123,51.81048396,14.78028716,25.72044877,23.35951217,20.92029137,0.38998902,137.9392809,37.90882785,12.80990065,8.949696808,1.719943818,29.80023058,24.07960945,8.309872826,56.12121327,610.3942817,LAML,sample111
Tumor,65.17188704,51.81048396,14.82029908,25.74006787,23.46987953,21.1301591,0.400007187,139.3809564,38.02989537,12.98963457,8.96025008,1.729993131,29.80023058,24.40053501,8.330059606,56.2887369,610.521223,LAML,sample112
Tumor,65.43896175,51.96153826,14.93995023,25.85988962,23.54973205,21.20940113,0.400007187,140.6523398,38.09057404,13.1199475,9.010079832,1.80000227,29.90991211,24.48015976,8.370000131,56.92042996,611.9193212,LAML,sample113
Tumor,65.53882883,52.25048013,15.06996614,25.96946607,23.55952856,21.30961023,0.459987648,142.8829442,38.33957318,13.1199475,9.060186666,1.840013237,30.14929055,24.57026111,8.379869914,57.03891789,612.4709658,LAML,sample114
Tumor,66.17792721,52.49006632,15.08982737,26.1102569,24.00960748,21.4905853,0.470000338,143.120837,38.51003523,13.5103507,9.070241418,1.849993719,30.23928854,24.57026111,8.389751335,57.09825432,612.6832692,LAML,sample115
Tumor,66.34787047,52.69056044,15.16007346,26.1102569,24.02958725,21.49952526,0.470000338,143.2995166,38.83977278,13.7503371,9.070241418,1.900054642,31.19091017,24.77033987,8.400226715,57.73903192,613.4481709,LAML,sample116
Tumor,66.36166876,52.95051292,15.18952683,26.13923127,24.03958337,21.76040801,0.470000338,143.8668081,39.36013726,13.82009486,9.070241418,1.909963205,31.67899055,24.80986279,8.429978031,57.87125681,618.1862119,LAML,sample117
Tumor,66.8788636,53.27079543,15.33978071,26.25909081,24.05958809,21.9604286,0.479997066,144.0863629,39.49952711,13.9703546,9.159967684,1.949981368,31.91924899,24.93918048,8.429978031,58.73202339,619.2583774,LAML,sample118
Tumor,67.05060682,53.45944717,15.47005848,26.62935951,24.15986163,21.9604286,0.479997066,144.6266917,40.07870542,14.24021173,9.159967684,1.969962052,31.93916809,25.10047089,8.439918532,58.76867439,619.3442309,LAML,sample119
Tumor,67.06920005,53.48910016,15.47971284,26.82016503,24.30937091,22.03972844,0.490001726,145.0986269,40.3099534,14.39005047,9.210269483,2.059936422,31.999,25.13006664,8.449870752,58.83796646,620.9346699,LAML,sample120
Tumor,68.75911249,53.60044542,15.50978717,27.01046531,24.3599755,22.29016326,0.490001726,145.7235362,40.4499029,14.50019612,9.269839598,2.080033227,32.07895026,25.47911705,8.479797874,58.89917437,623.2631839,LAML,sample121
Tumor,69.28058352,54.22075858,15.53022802,27.04043861,24.72916568,22.46077448,0.530005975,147.3997444,40.55940071,15.10029116,9.349866119,2.100034716,32.32000157,25.47911705,8.589844746,58.94001501,625.253619,LAML,sample122
Tumor,69.37188606,54.81024501,15.61009684,27.20965916,24.84944876,22.51065158,0.579995945,147.4917264,40.59877987,15.12019235,9.360242314,2.129954811,32.75982993,25.6101477,8.640010294,59.23901086,633.4986447,LAML,sample123
Tumor,69.58860918,54.90150232,15.66972476,27.54937403,24.89082321,22.70025262,0.620014991,147.8294853,41.2712447,15.16007346,9.51001954,2.149988781,32.76891442,25.6101477,8.740010068,59.73795102,633.5864725,LAML,sample124
Tumor,69.73830105,55.16853823,15.70016823,27.82959794,25.32943592,22.91049986,0.629994791,149.5506482,43.86100937,15.31003601,9.590124685,2.210001494,32.80982581,25.64923254,8.749709535,59.82082423,635.742061,LAML,sample125
Tumor,69.81084816,55.49069631,15.88958134,27.95914621,25.38040452,23.81072116,0.659989839,150.2051424,44.16915531,15.35999752,9.620087665,2.21998554,33.04033332,25.89935559,8.760027013,60.39160504,636.0946895,LAML,sample126
Tumor,69.82052681,55.55997457,15.94032895,28.06983356,25.65990239,24.05958809,0.670007129,150.5908622,44.34094044,15.47971284,9.630096111,2.239933753,33.38103499,26.13017333,8.780089798,61.08204172,636.3592893,LAML,sample127
Tumor,69.93192775,55.8186046,16.27980353,28.15947961,25.8008034,24.15986163,0.739976657,150.8938753,44.95058247,15.71977025,9.699774936,2.300062229,33.69954459,26.84062295,8.800198527,61.43021447,640.8299426,LAML,sample128
Tumor,70.10179206,56.17959505,16.2899632,28.16924098,25.87961508,24.1900251,0.780003003,151.2184603,44.97863348,15.82034121,9.909789582,2.389976582,33.72992555,27.04981208,8.819741876,61.55809,643.7683138,LAML,sample129
Tumor,70.38906924,56.55859953,16.31030154,28.2102757,25.89038077,24.34984616,0.800014354,151.554248,45.48970853,15.87967137,9.909789582,2.409947106,34.11082413,27.27008131,8.839941408,61.8017873,646.5856902,LAML,sample130
Tumor,70.81973935,56.64884093,16.3295333,28.31999407,25.96046695,24.50053108,0.82998826,152.8201064,46.16951757,15.93038734,9.949713669,2.450050145,34.11082413,27.35906969,8.849751765,62.11960607,647.4826712,LAML,sample131
Tumor,71.01144621,57.57118253,16.3295333,28.32981108,26.15010495,24.57026111,0.860008867,153.0957663,46.29128914,16.23022521,9.989798584,2.450050145,34.32904873,27.87979898,8.87002002,62.40011921,649.5054309,LAML,sample132
Tumor,71.79840583,57.91941362,16.39986499,28.58030728,26.15010495,24.58048213,0.890001645,153.1382196,46.88872783,16.26965021,10.05998743,2.459923822,34.88073752,27.93009058,8.879863753,62.89951831,654.7942291,LAML,sample133
Tumor,72.18764403,58.39104772,16.42034054,28.77910599,26.22089419,24.61970213,0.909985502,155.6099745,47.00913766,16.61959356,10.06975542,2.520006783,35.14040577,28.41043902,9.000091764,63.16165894,657.8878264,LAML,sample134
Tumor,72.93200842,58.41938659,16.47049958,28.79906175,26.31922651,24.66069407,0.909985502,155.9879474,47.47083788,17.27982273,10.21033792,2.760017439,35.66061168,28.59021452,9.030089229,64.20783866,658.1614916,LAML,sample135
Tumor,73.78115386,58.76867439,16.58046992,28.81903136,26.57035694,24.7600399,0.940021767,156.9858602,47.98028865,18.08999684,10.40035805,2.76998711,36.04082101,28.6001252,9.030089229,64.27017755,663.4747841,LAML,sample136
Tumor,74.76964121,58.8216551,16.73983983,28.90906605,26.82016503,24.95993377,1.010011915,157.7166162,48.80883603,18.12011723,10.45022393,2.790034582,36.34941677,29.15053608,9.070241418,64.4799011,666.5169875,LAML,sample137
Tumor,74.81111435,58.83796646,16.85978732,28.99938202,27.53982745,24.99975918,1.040021598,158.6156051,49.37027508,18.36034707,10.61008297,2.840002301,38.68125514,29.23957953,9.070241418,64.94190432,669.2483396,LAML,sample138
Tumor,75.48828622,58.96862031,16.97000386,29.00943453,27.57994532,25.48971614,1.110031715,160.8409587,49.66890217,18.39984355,10.89026783,2.890062905,38.82900533,29.2497153,9.070241418,65.89870034,678.0735091,LAML,sample139
Tumor,75.98174882,59.16924649,17.07028793,29.12024237,27.62012163,25.50031963,1.120010662,162.3530991,49.90010993,19.06063545,10.96982413,2.920076214,39.08012249,29.34923196,9.070241418,67.72791598,679.5320924,LAML,sample140
Tumor,76.46783554,59.32941628,17.09041574,29.17074939,28.03094608,25.56048948,1.179992661,162.6346812,49.92086753,19.80959079,11.10987091,2.93998617,39.97881802,29.54928214,9.080307327,67.78897342,682.4586784,LAML,sample141
Tumor,78.51963854,59.41995966,17.3698928,29.22944728,28.22005467,25.8706471,1.270031689,163.3804068,50.34830643,20.0305201,11.19025558,2.94999198,40.02040748,30.28963673,9.12005054,67.8406804,682.553294,LAML,sample142
Tumor,78.83048245,59.67173513,17.47011768,29.29029353,28.27096003,26.17005177,1.299981097,163.4710298,51.05115656,20.0305201,11.46030964,2.989942137,40.81039161,30.52993781,9.230083536,68.46899491,682.9792264,LAML,sample143
Tumor,78.92889911,60.19100631,17.47980842,29.52062028,28.29056345,26.43074924,1.389978384,164.0499343,51.09009673,20.36936605,11.50967075,3.119981921,40.92937558,30.52993781,9.28978179,68.92135058,684.9229508,LAML,sample144
Tumor,79.38980391,60.34975858,17.60993986,29.61900543,28.38091441,26.7199612,1.480029113,164.3002903,51.39912633,20.45000732,11.63965231,3.180043278,41.06862872,30.54898994,9.340148881,69.41036523,684.9704278,LAML,sample145
Tumor,79.53852271,60.7990245,17.67965724,29.75069586,28.54071262,26.77929597,1.509996166,164.4940089,52.33022044,20.55945092,11.74990528,3.180043278,41.71127227,31.56938611,9.409686696,69.68031765,685.6829772,LAML,sample146
Tumor,81.04111948,60.87071045,17.6894642,29.84984777,28.66959619,26.9599607,1.610048582,167.0448116,53.14171389,20.99001466,11.90981312,3.180043278,41.98102932,31.81101828,9.450216266,70.54048296,695.7368504,LAML,sample147
Tumor,81.27176093,61.00164955,17.83969608,30.12004672,29.31060374,26.98052525,1.66005518,167.0448116,53.32990851,21.19029723,11.90981312,3.189980959,42.08883649,31.91924899,9.500135874,71.27774349,708.1435155,LAML,sample148
Tumor,81.85975116,61.17950033,17.84959181,30.61894953,29.33092804,26.9992339,1.690027358,169.106871,56.66062216,21.64007109,11.92964388,3.199949686,42.34929166,32.03895019,9.529817726,71.32222336,719.1744684,LAML,sample149
Tumor,82.03015292,62.43040377,18.24995435,30.64018102,29.66009595,27.11927683,1.790043032,169.964721,57.22901183,21.81931464,11.99016562,3.239912342,42.46981828,32.27075206,9.570201224,72.11762571,724.5281878,LAML,sample150
Tumor,82.10979508,62.50834585,18.52012721,30.65930195,29.76926173,27.8508258,1.829959653,171.241857,57.57916428,22.18995729,12.07022346,3.40009664,43.09852308,32.36035251,9.580157775,72.63938782,728.7085057,LAML,sample151
Tumor,82.61217653,63.50847769,18.55996739,30.77001228,29.82089438,28.29056345,2.020042976,171.3605946,57.67902961,22.88034574,12.28037342,3.530056731,43.29014339,32.42996393,9.64011497,72.83097185,731.187718,LAML,sample152
Tumor,83.56244122,63.61862663,18.72018693,31.26017283,30.18065474,28.38091441,2.040033695,171.99128,58.76867439,23.84044875,12.50024608,3.639912324,43.6789712,32.45020173,9.670234121,73.78115386,738.9321285,LAML,sample153
Tumor,84.77006459,63.68039347,18.90012236,31.271009,30.81910774,28.67953439,2.040033695,173.9093518,60.74847349,24.7600399,12.71964571,3.750064317,44.97863348,33.02888405,9.750336733,73.89887403,739.2907481,LAML,sample154
Tumor,84.98775126,64.53803046,18.96968674,31.54095112,30.87898186,29.13033677,2.10996111,174.3559425,60.95938039,25.02056288,12.84992231,3.840048019,47.98028865,33.12977393,9.850203594,74.59880737,743.298589,LAML,sample155
Tumor,85.21190325,65.94896552,19.40054987,31.99012895,31.78897551,29.62927272,2.119934401,175.7391475,61.06934118,25.29083837,13.0202857,3.840048019,48.09016598,33.17113584,10.08023163,75.89226726,761.3405475,LAML,sample156
Tumor,86.53928699,67.05060682,19.90042734,32.21934418,32.76891442,29.99919556,2.16000139,177.7359714,61.1201592,26.03976633,13.12995554,4.000109189,49.62072557,33.35096828,10.2999108,79.00005421,764.1955848,LAML,sample157
Tumor,86.97828836,68.23210672,20.21043709,32.63969792,32.80982581,30.32955517,2.319925156,178.3653924,62.85157734,26.69959525,13.25983761,4.289958654,50.27158609,33.36021669,10.40035805,82.29212479,767.4335997,LAML,sample158
Tumor,88.57230211,69.88831493,20.30029706,32.9602717,33.33016873,30.82979102,2.609995552,182.3026959,63.24051395,26.92074463,13.36967134,4.509852149,50.82166066,34.83965883,10.40973484,83.04276798,772.0219901,LAML,sample159
Tumor,89.29972605,70.30130078,20.43017116,33.52015607,33.63886475,31.07006958,2.729944509,183.1259104,63.25805065,27.30034269,13.53003227,5.150169454,51.1184355,34.98000904,10.70984206,85.28872246,786.1703614,LAML,sample160
Tumor,89.60975572,70.43787683,20.69959025,33.72057464,33.95041975,31.08083986,2.79991849,183.9528422,63.37215781,30.0408135,13.82009486,5.259864893,53.27818098,35.23064666,10.77014713,86.00110102,794.8276137,LAML,sample161
Tumor,94.11708098,71.91794736,20.84068477,34.1510435,34.34094868,31.08945877,3.239912342,184.0293624,67.54039163,30.84047801,13.92008738,5.370034543,56.68812122,36.96943209,10.94020703,86.55128485,799.4135384,LAML,sample162
Tumor,94.67323805,71.91794736,20.87972645,34.18894033,35.04067907,31.46016087,3.239912342,185.3093948,67.5497555,32.68951047,14.04025516,6.01998699,57.67103401,37.04125443,11.38982235,87.11102633,847.0470497,LAML,sample163
Tumor,96.06140347,74.80074391,21.21969498,36.46044923,35.35051161,31.85073379,3.489902347,185.9914179,67.70914014,34.65900602,14.49014814,6.12013845,58.87876466,37.22916229,11.43016074,88.278099,862.6301481,LAML,sample164
Tumor,110.2921973,75.11248341,22.38926968,36.68098994,35.80923299,32.9602717,3.520036054,186.1074822,68.41206685,34.85898395,14.75981014,6.209889928,59.67173513,37.85893424,11.62030356,88.44959851,875.7640101,LAML,sample165
Tumor,111.7233623,76.73863511,22.8898638,37.62870306,36.14088882,34.88073752,3.590035711,187.2072236,70.52092742,37.16985582,14.82029908,6.799778951,61.14134585,38.23076766,11.71006196,94.3587702,891.0103505,LAML,sample166
Tumor,111.7775845,78.22086344,23.02991781,38.6089291,38.00090931,35.80923299,4.440047494,188.2743086,72.73007525,37.44916059,14.98974315,6.960026176,61.22192212,38.49935918,11.82016239,95.12052898,902.6346817,LAML,sample167
Tumor,112.4380999,78.45979237,23.38057161,39.25931927,38.25992904,37.81959093,4.470007605,190.6644989,77.82066812,38.33957318,15.65018514,7.069930112,61.4515086,38.6410573,11.99016562,95.17988739,972.8668238,LAML,sample168
Tumor,128.7285988,82.00172801,23.70039386,41.4892372,39.49131406,38.75908958,4.479935624,205.9132696,78.67763373,43.80024584,15.67950372,7.58006219,62.11960607,39.71091424,12.0201249,100.9002334,978.6834723,LAML,sample169
Tumor,132.7611419,82.33206335,25.1196171,43.31115348,42.27889826,40.70868068,4.749897233,214.3156314,79.91984879,50.29947086,15.9801575,8.169928343,65.33924685,41.87059587,12.29996847,110.1928578,1016.85523,LAML,sample170
Tumor,144.1762773,89.57870437,26.5409047,46.13112998,43.69108354,40.96911394,5.23004797,220.2645406,82.70958116,53.51876959,16.17967626,8.189775203,66.04045498,42.24081737,12.29996847,129.7858134,1030.192766,LAML,sample171
Tumor,25.84913662,77.18139998,3.879923513,23.82062623,33.23097199,10.40973484,0,74.05783757,5.420154036,37.79076517,3.019945171,7.190037833,2.19001597,4.170019335,6.619774529,50.75125431,872.2502804,LAML,sample174
Tumor,32.59899866,78.62856675,4.059901404,24.82018348,33.52945139,10.77985729,0,74.27890165,5.509946035,40.00099368,3.23004311,7.370202539,2.210001494,4.499857847,6.619774529,96.78322402,936.0867721,LAML,sample175
Tumor,33.04033332,79.13158604,4.059901404,26.03976633,37.87993407,10.90008628,0,75.14893754,5.569859767,40.00099368,3.259967358,7.690153573,2.239933753,4.509852149,6.930175267,101.9124039,946.8541968,LAML,sample176
Tumor,33.4389318,79.61022739,4.100068952,26.1591698,39.36013726,11.24001186,0,75.82916726,5.569859767,40.07870542,3.28994063,8.189775203,2.640028738,4.869939283,6.970166087,105.7186688,949.0882823,LAML,sample177
Tumor,34.1510435,79.63782332,4.130025598,26.64967189,41.74019504,11.34962631,0,76.99971836,5.589975411,40.43868908,3.319959203,8.339882298,2.640028738,5.079956103,7.02985431,108.8416366,955.2923424,LAML,sample178
Tumor,34.2292518,79.82019653,4.150118165,26.90022565,42.03926913,11.46984686,0,77.75057528,5.679823185,41.74887578,3.35001931,8.789833741,2.660058082,5.160176614,7.049863738,109.1665296,957.8782557,LAML,sample179
Tumor,34.26011029,79.85893541,4.449908985,28.20050011,42.8186174,11.54963291,0,79.48891885,5.709828262,41.78940978,3.389974652,8.87002002,2.670037073,5.259864893,7.080230117,110.7134716,968.8291821,LAML,sample180
Tumor,34.76969502,80.52038041,4.509852149,28.22983704,43.19123302,11.65984151,0,79.51096119,5.720129497,41.82998313,3.40009664,8.910078189,2.700011907,5.329977156,7.129978232,111.5299264,978.005335,LAML,sample181
Tumor,35.16964773,81.10855646,4.589973167,28.31999407,44.18140357,11.67035373,0,79.5991917,5.810054559,42.05967215,3.449965378,9.089754261,2.729944509,5.390175968,7.30002996,113.2201757,985.5590726,LAML,sample182
Tumor,35.54955062,81.36758515,4.629923741,28.56050309,44.81990891,11.74013522,0,80.03071944,5.930101249,42.29062236,3.479995623,9.099841823,2.750083636,5.410017848,7.359990962,114.4986994,986.6527,LAML,sample183
Tumor,36.08081484,81.54261439,4.629923741,28.78908214,45.30091086,11.75968347,0,80.29743694,6.01998699,42.42862433,3.530056731,9.140304131,2.76998711,5.529845339,7.359990962,114.8802865,989.8036434,LAML,sample184
Tumor,36.12085305,81.8313853,4.639885166,28.79906175,45.60020365,11.82016239,0,82.17812133,6.040052816,42.44038995,3.610003954,9.200059521,2.76998711,5.61016369,7.390155877,115.3110923,992.8958247,LAML,sample185
Tumor,36.20106281,82.10979508,4.690014629,28.82902135,45.88874866,11.92964388,0,83.07155374,6.060185516,42.44921631,3.610003954,9.239686276,2.85006316,5.669987593,7.390155877,115.4470504,996.7573668,LAML,sample186
Tumor,36.33933969,82.45199537,4.789910957,28.90906605,45.93011815,12.18962341,0,83.78283405,6.079963795,42.91072525,3.620029675,9.280126991,2.880060587,5.669987593,7.419930008,115.4870686,997.586792,LAML,sample187
Tumor,36.38975303,82.46914277,4.789910957,28.92911193,46.12153807,12.35037713,0,83.80025822,6.149910569,43.06865912,3.620029675,9.340148881,2.93998617,5.730052054,7.430224735,115.6312489,997.7942561,LAML,sample188
Tumor,36.74970447,82.66945947,4.829926824,28.94917171,46.3715771,12.38037813,0,83.89906365,6.149910569,43.28114219,3.630083232,9.360242314,2.94999198,5.749948825,7.440017954,116.5081944,998.4861148,LAML,sample189
Tumor,36.8006871,82.69811583,4.850059921,29.16064098,46.38122101,12.54016963,0,84.68784213,6.160151452,43.64870504,3.659904146,9.479742168,2.969899907,5.7599231,7.560120256,117.0586451,1001.60542,LAML,sample190
Tumor,36.91053936,83.06003824,4.920165379,29.1808613,46.5390224,12.65982929,0,84.89943261,6.16998163,43.64870504,3.709979419,9.479742168,2.98000749,5.829824903,7.570084657,117.4731892,1002.577857,LAML,sample191
Tumor,37.29114819,83.20986437,4.969875603,29.30044687,46.61004653,12.65982929,0,85.01131841,6.16998163,43.66988915,3.780084261,9.51001954,2.989942137,5.869974539,7.620103984,118.3723085,1004.734471,LAML,sample192
Tumor,37.29890368,83.48717684,4.969875603,29.3390617,46.82052437,12.77000362,0,85.62042848,6.179827493,43.86100937,3.790056611,9.51001954,3.019945171,5.889948742,7.630147435,118.6104932,1011.512599,LAML,sample193
Tumor,37.58959901,83.63777345,4.979877743,29.43072099,47.07108984,12.77974474,0,85.88791255,6.190118186,43.89142274,3.790056611,9.529817726,3.039903427,5.930101249,7.680031148,119.0800469,1022.013536,LAML,sample194
Tumor,37.84056894,83.91069547,4.99994244,29.59027594,47.27054131,12.83034057,0,85.89982011,6.199996177,43.90968088,3.820131746,9.590124685,3.050037686,5.930101249,7.680031148,119.4272229,1023.076698,LAML,sample195
Tumor,37.85893424,83.95141956,5.020087965,29.88090046,47.53010379,12.8401277,0,86.22792565,6.199996177,43.97059622,3.869983076,9.610089619,3.050037686,5.949867518,7.680031148,119.684121,1023.431331,LAML,sample196
Tumor,38.08001428,83.98052029,5.039965218,29.99087889,47.64885768,12.8401277,0,86.71942969,6.230156709,43.9888873,3.899881032,9.620087665,3.05999354,6.040052816,7.709903964,120.166254,1026.415107,LAML,sample197
Tumor,38.11962849,84.24288125,5.12985765,30.10960937,47.86070877,12.84992231,0,86.79760794,6.240098581,44.15078928,3.949951126,9.64011497,3.06998188,6.149910569,7.709903964,120.6336046,1026.984431,LAML,sample198
Tumor,38.19898059,84.34220855,5.12985765,30.14093227,47.99026712,13.00044437,0,86.86983502,6.270019475,44.18140357,3.979914814,9.780122222,3.099927939,6.160151452,7.800221305,120.7674669,1032.19412,LAML,sample199
Tumor,38.20957334,84.34805498,5.12985765,30.15974166,48.01023027,13.0202857,0,86.91199524,6.329853451,44.26110013,4.000109189,10.00990155,3.160041553,6.160151452,7.800221305,120.9769241,1038.221541,LAML,sample200
Tumor,38.25992904,84.67023342,5.189955068,30.17019638,48.05018151,13.0501045,0,87.1895576,6.360204645,44.3010023,4.070047346,10.05022893,3.180043278,6.260029939,7.850128293,121.1615469,1038.941431,LAML,sample201
Tumor,38.27053869,84.89943261,5.200039519,30.47074046,48.32072325,13.08996913,0,87.23187298,6.400011941,44.50105337,4.079935758,10.05022893,3.189980959,6.280024949,7.910218948,123.4504524,1042.909761,LAML,sample202
Tumor,38.28115129,84.94063656,5.200039519,30.48975565,48.55911725,13.18011035,0,87.41951669,6.409780443,44.65864877,4.079935758,10.1103239,3.209949555,6.310137257,7.970216981,123.6988551,1043.271269,LAML,sample203
Tumor,38.29973041,85.41888201,5.329977156,30.58076992,48.57931704,13.18011035,0,87.89953249,6.429807926,44.78885219,4.140059695,10.12996714,3.250037055,6.329853451,7.980168595,123.8704584,1043.632902,LAML,sample204
Tumor,38.47001531,85.65010774,5.370034543,30.61046106,49.04963812,13.20022587,0,88.44959851,6.449897975,44.85098717,4.150118165,10.27993805,3.259967358,6.350071447,8.010098046,124.1885524,1043.849942,LAML,sample205
Tumor,38.71881086,85.88791255,5.410017848,30.64018102,49.05983897,13.21029514,0,88.97226562,6.51009415,44.86964446,4.159912644,10.45964569,3.269927993,6.380077252,8.040139732,124.9657087,1045.732848,LAML,sample206
Tumor,38.72954775,86.46134141,5.429932754,31.08945877,49.08024704,13.22037209,0,89.18837815,6.51009415,44.89142112,4.170019335,10.45964569,3.279919053,6.400011941,8.060230083,125.0957068,1046.675575,LAML,sample207
Tumor,38.89095899,86.52129331,5.469982724,31.16929708,49.08024704,13.26995235,0,89.20692648,6.600070471,45.15043704,4.190015915,10.72990614,3.340046357,6.449897975,8.069734634,125.4343349,1049.945426,LAML,sample208
Tumor,39.06116481,86.55128485,5.500023248,31.22985151,49.43876566,13.35022303,0,89.75895204,6.770145873,45.22874634,4.199904532,10.74032453,3.35001931,6.470050787,8.079810491,125.8610905,1051.329095,LAML,sample209
Tumor,39.31105838,86.55728441,5.519886722,31.29052358,49.50048842,13.36967134,0,89.80873933,6.799778951,45.37004552,4.210108362,10.80978965,3.370054613,6.470050787,8.089898927,125.8872655,1054.028843,LAML,sample210
Tumor,39.31105838,86.64732766,5.519886722,31.41004424,49.74125477,13.37986986,0,90.94889076,6.820079134,45.4109474,4.260023476,10.83004096,3.419957071,6.500172794,8.099999958,126.1842963,1054.540386,LAML,sample211
Tumor,39.40108314,86.68937989,5.529845339,31.47106637,49.76884538,13.50005274,0,91.23934521,6.910026447,45.44873571,4.260023476,10.8503302,3.419957071,6.51009415,8.110113599,126.1842963,1055.637385,LAML,sample212
Tumor,39.40927742,86.73746457,5.619895525,31.47106637,49.96933553,13.56007837,0.009999639,91.53707196,6.970166087,45.50863152,4.380120817,10.86990391,3.429930734,6.549931213,8.139966036,126.5521844,1062.537941,LAML,sample213
Tumor,39.9289677,86.96020341,5.720129497,31.60003707,50.1602015,13.57042212,0.009999639,93.57716282,7.090053594,45.78072761,4.389849239,10.94020703,3.439933475,6.61014428,8.169928343,126.6223799,1062.758913,LAML,sample214
Tumor,40.00931273,87.3892243,5.749948825,31.65045684,50.19846209,13.57983237,0.009999639,93.79145716,7.090053594,45.85059451,4.389849239,10.9500705,3.439933475,6.629878407,8.189775203,126.7716745,1065.857346,LAML,sample215
Tumor,40.07870542,87.68046511,5.749948825,31.87061014,50.42164871,13.69041831,0.009999639,94.47002459,7.099890698,46.20153163,4.3999043,10.99037522,3.500079932,6.669985937,8.21992083,127.2117974,1068.150079,LAML,sample216
Tumor,40.17884239,87.69262118,5.810054559,31.91040004,50.58968962,13.73033509,0.009999639,94.73231734,7.160193251,46.23036326,4.409982388,11.02012812,3.500079932,6.700109585,8.230184186,127.3088293,1068.890721,LAML,sample217
Tumor,40.41907238,87.77167676,5.850068061,32.21041204,50.67040757,13.77036825,0.009999639,94.98216994,7.180075845,46.3715771,4.420083554,11.03006364,3.510043815,6.709870883,8.28973496,127.5826812,1071.115732,LAML,sample218
Tumor,40.85001445,88.2108152,5.850068061,32.31104152,50.88863716,13.84022762,0.019999518,96.14133917,7.279815243,46.44878456,4.429900715,11.06989536,3.530056731,6.799778951,8.300085475,128.363281,1072.899074,LAML,sample219
Tumor,40.88117367,88.63986163,5.869974539,32.47045216,51.1290666,13.89983846,0.019999518,96.18133196,7.329949157,46.52934568,4.440047494,11.13994728,3.580093036,6.799778951,8.389751335,128.6929123,1075.281484,LAML,sample220
Tumor,40.98047484,88.84900794,5.949867518,32.56963631,51.26036534,14.02955332,0.019999518,96.34814774,7.359990962,46.60035504,4.610064991,11.17010505,3.590035711,6.849930739,8.400226715,128.8714437,1079.238993,LAML,sample221
Tumor,41.02879384,89.21929419,5.990013149,32.63969792,51.26036534,14.02955332,0.019999518,96.66924548,7.359990962,46.94075905,4.619983698,11.26028848,3.610003954,6.889936199,8.420049238,129.3457505,1083.88702,LAML,sample222
Tumor,41.15126691,89.2316636,6.079963795,32.7008421,51.37063194,14.05973397,0.019999518,96.83019541,7.370202539,47.11025959,4.639885166,11.30016815,3.620029675,6.930175267,8.420049238,129.9478449,1085.766883,LAML,sample223
Tumor,41.21121214,89.41121297,6.270019475,32.9899862,51.45972937,14.08997954,0.019999518,96.8906207,7.379916658,47.3394003,4.649868019,11.41986486,3.630083232,7.099890698,8.449870752,130.3538093,1087.800798,LAML,sample224
Tumor,41.23121329,89.46700861,6.339954391,33.17113584,51.59903002,14.19979704,0.019999518,98.54326447,7.410163227,47.73150017,4.669898191,11.46984686,3.639912324,7.160193251,8.459834707,130.7066708,1089.158857,LAML,sample225
Tumor,41.36862572,89.49181785,6.400011941,33.20104043,52.09858588,14.39005047,0.019999518,99.82889474,7.460160278,47.73150017,4.709891158,11.54002936,3.650021084,7.190037833,8.529912109,130.8789235,1090.82101,LAML,sample226
Tumor,41.44899435,89.72162969,6.500172794,33.21945666,52.29033509,14.44001258,0.029999742,100.5302346,7.509973979,47.92046141,4.770027493,11.58009691,3.709979419,7.190037833,8.579727685,131.6340617,1092.864392,LAML,sample227
Tumor,41.48061044,90.28309807,6.520030647,33.83999307,52.50826149,14.60004782,0.029999742,102.1174688,7.519872295,47.98028865,4.789910957,11.62030356,3.769876757,7.220006794,8.579727685,131.6888186,1096.430525,LAML,sample228
Tumor,41.6303951,90.64051062,6.529982308,34.0210932,53.03867389,14.69040023,0.029999742,102.237871,7.610073752,48.04019058,4.880078655,12.18033207,3.769876757,7.250100652,8.61011467,132.0178385,1100.542153,LAML,sample229
Tumor,41.89091702,90.8228948,6.590012013,34.0895507,53.14171389,15.06996614,0.029999742,102.6283811,7.839795323,48.20029493,5.05992116,12.29996847,3.790056611,7.659826246,8.640010294,132.4578107,1102.14528,LAML,sample230
Tumor,42.17060428,90.91107363,6.669985937,34.21976248,53.84995407,15.10971477,0.040000917,103.8808643,8.099999958,49.02924277,5.119909276,12.70026248,3.829944168,7.659826246,8.650198432,133.3144339,1104.51607,LAML,sample231
Tumor,42.29062236,91.44828594,6.689898691,34.47928992,53.9209214,15.10971477,0.040000917,105.5575772,8.159740119,49.16878017,5.250028406,12.80990065,3.919941182,7.970216981,8.670009709,133.3791346,1104.975521,LAML,sample232
Tumor,42.67934699,92.12267122,6.720112257,34.48885121,54.37130182,15.20954562,0.049998549,106.188698,8.210239411,50.35877737,5.310060634,12.90974189,4.029894432,8.079810491,8.680233217,134.2696339,1113.741499,LAML,sample233
Tumor,43.34118559,92.41046851,6.749994296,34.56064546,54.39014909,15.30048747,0.049998549,106.3507528,8.320248482,50.48109927,5.519886722,14.24021173,4.079935758,8.429978031,8.700113274,134.6237635,1113.741499,LAML,sample234
Tumor,43.4796017,92.96942851,7.020114229,34.67102035,54.60925544,15.30048747,0.049998549,106.5869103,8.570216628,50.62125958,5.66016903,15.20005975,4.239986822,8.670009709,8.729716163,136.654527,1114.35926,LAML,sample235
Tumor,43.56105173,93.94110396,7.099890698,35.54955062,55.21827343,15.44006119,0.060001985,106.7125822,8.589844746,50.70905732,5.779923576,15.2401515,4.440047494,8.749709535,8.929865529,137.0054496,1115.827817,LAML,sample236
Tumor,43.60032281,94.45692903,7.110234345,36.06081238,55.21827343,15.60036117,0.060001985,111.282817,8.620267559,50.77940514,5.889948742,15.53991993,4.479935624,8.860187197,8.949696808,138.8409767,1119.701694,LAML,sample237
Tumor,44.38091459,98.78947197,7.139870722,36.19102686,56.07843853,15.6599519,0.060001985,111.4912794,8.809964783,51.24970695,6.270019475,15.53991993,4.539968409,9.040110584,9.239686276,139.1685715,1120.012184,LAML,sample238
Tumor,44.39937634,99.13244764,7.759771079,36.67082095,56.53900086,16.00010907,0.060001985,119.6509418,8.839941408,51.39912633,6.329853451,15.58955088,4.760116729,9.260205523,9.570201224,144.4063136,1120.55575,LAML,sample239
Tumor,44.44864525,99.69750734,7.830018738,38.10113674,58.08827827,16.85044031,0.080001925,119.8667709,8.93977567,52.34110354,7.490216411,15.76014018,4.909942736,9.349866119,9.630096111,149.8723437,1127.177279,LAML,sample240
Tumor,46.25921288,105.0903415,7.9299847,38.9395134,58.31823944,16.97000386,0.089999347,120.2495765,8.990114767,52.42098215,8.139966036,17.22003563,5.039965218,9.920099395,10.8503302,150.2051424,1144.576947,LAML,sample241
Tumor,47.13965829,106.4909081,7.95972596,40.92086523,58.87876466,18.76956277,0.149997859,128.3899764,9.300091313,52.85150697,8.379869914,18.53040036,5.250028406,10.70984206,12.18962341,150.4030911,1162.970478,LAML,sample242
Tumor,48.89010136,108.1722522,9.409686696,42.08008506,59.70897254,18.98020924,0.20999782,128.9161152,9.460048002,55.05011961,11.74990528,24.23030165,6.529982308,10.77014713,19.95983268,155.7826483,1164.745274,LAML,sample243
