SampleName,hsa-mir-103a-1,hsa-mir-103a-2,hsa-mir-125a,hsa-mir-126,hsa-mir-1307,hsa-mir-130a,hsa-mir-146a,hsa-mir-146b,hsa-mir-151a,hsa-mir-151b,hsa-mir-17,hsa-mir-181a-2,hsa-mir-181d,hsa-mir-186,hsa-mir-188,hsa-mir-19b-1,hsa-mir-19b-2,hsa-mir-20b,hsa-mir-30c-1,hsa-mir-30c-2,hsa-mir-3151,hsa-mir-3665,hsa-mir-576,hsa-mir-582,hsa-mir-589,hsa-mir-6503,hsa-mir-6718,hsa-mir-6827,hsa-mir-6835,hsa-mir-6863,hsa-mir-8085,hsa-mir-9-1,hsa-mir-9-2,hsa-mir-9-3,hsa-mir-92a-1,hsa-mir-99b,CODE,Group
TCGA-AB-2805-03,14.33233409,14.32057072,8.87140958,14.23624362,12.51826189,7.516331624,10.84835001,11.35697693,12.11953294,3.050189268,12.50566924,13.92817369,6.275634104,10.54267357,4.514098205,9.942855851,9.841517365,7.635612472,10.600213,10.52614258,3.960364634,0,5.889124265,8.317563388,8.463612796,7.097538997,1.146569205,0,0,0,0,5.40161347,5.178004032,5.225584624,14.42266143,14.09947332,LAML,Tumor
TCGA-AB-2806-03,13.17382001,13.17737745,7.618780145,16.32207333,11.81018645,8.983508248,13.12675694,12.95323339,9.182748947,1.394851591,12.81194858,15.10164484,6.8666934,10.98369295,0,9.855835768,9.616263313,3.811154199,11.99086547,11.97926638,4.242279407,0,5.975569591,4.99831643,7.090197306,3.193467878,3.633117643,0,0,0,0,2.557984456,3.633117643,3.429975823,15.03661034,13.08407538,LAML,Tumor
TCGA-AB-2808-03,14.65452718,14.64407972,6.38513957,14.45438232,11.22436768,9.78444922,11.11974424,11.21035699,7.020476132,1.071150321,12.7278835,14.41812479,6.224469553,11.05252493,1.071150321,10.71156942,10.71062178,2.105451466,11.56464845,11.46982163,1.679070626,0,5.595373892,11.71113919,8.063223425,4.834291734,3.586294215,0,0,0,0,4.52495148,4.13065268,4.834291734,13.78527954,11.01616989,LAML,Tumor
TCGA-AB-2810-03,12.91928992,12.92101232,7.86009884,11.16484468,10.23358645,5.697523111,11.43293419,11.0634837,5.859573771,0,12.59719295,14.5132915,7.698110564,10.30567778,0,10.45263569,10.47625731,7.414896055,11.29893915,11.31474823,0,0,4.846036817,8.871315284,7.078713106,3.122898133,3.737489594,0,0,0,0,9.361961161,9.327743963,9.491249475,14.27562093,12.68157599,LAML,Tumor
TCGA-AB-2811-03,13.51768696,13.52072419,4.634236732,11.61086318,10.39760759,6.832765494,9.583486231,11.03019672,9.233962255,0.912830717,13.16464509,12.33381371,4.41297929,10.40514061,3.918745909,11.47071597,11.45129081,6.451344526,11.73374044,11.77937897,0,0,5.551585321,13.23568062,7.809492359,5.845366626,6.832765494,0,0,0,0,8.555212774,8.605122704,8.453531205,14.62222297,7.383309432,LAML,Tumor
TCGA-AB-2812-03,12.05731308,12.0754166,8.231268167,12.78364891,10.2910064,6.763362838,11.02481346,12.97105244,5.173879094,0,13.21209757,13.44545458,5.264488503,9.846412833,3.372907674,10.34909935,10.13162778,5.349741898,10.12861544,10.16141029,0,0,5.077195264,8.908943901,8.089745711,3.910686714,8.349829267,0,0,0,0,7.095031656,6.763362838,6.699836004,15.94763477,13.4065013,LAML,Tumor
TCGA-AB-2813-03,14.85260572,14.86224926,6.946456809,12.93572053,11.60828921,7.617945857,9.13814336,12.4481681,10.70472907,0,13.35373076,12.48505338,4.350131011,11.71713983,3.850717827,11.1266272,11.11793723,9.190655761,11.84258173,11.81596484,0,0,6.375995395,10.84707001,7.550659621,5.733810616,5.36742534,0,0,0,0,6.636131831,6.451717928,6.678773893,14.28556167,12.41544608,LAML,Tumor
TCGA-AB-2814-03,13.71621661,13.68178717,8.9235281,14.20061435,10.14060461,6.048230692,10.99726277,12.66657296,10.71544795,2.737136399,13.07319888,15.97179323,5.919060933,10.56704776,3.624675635,10.32081341,10.05864362,10.04709747,11.2780695,11.28135824,1.938747983,0,6.646457705,6.90708995,7.156704103,0,1.938747983,0,0,0,0,8.484016246,8.365064629,8.235416826,16.03483523,13.18628945,LAML,Tumor
TCGA-AB-2815-03,14.63323697,14.63552602,7.893205318,15.08382355,11.79332775,9.281761135,11.38097468,11.98838032,8.669644312,0,12.73339604,13.21656228,5.168806078,10.76836974,3.555895035,10.05110469,9.813001422,3.555895035,11.15284,10.98873535,0,0,5.168806078,11.72618084,8.631008318,6.488246728,3.181179217,0,0,0,0,6.488246728,6.762965696,6.798265581,14.26243435,13.17142095,LAML,Tumor
TCGA-AB-2817-03,14.38869898,14.34200234,9.992029886,15.0821692,11.12165676,9.796588061,14.08256261,14.31814941,11.14205388,2.386860874,13.6936968,14.42923635,4.600864172,11.53755923,3.532996749,11.05294219,10.88883541,9.391208569,11.68478406,11.70137253,2.386860874,0,6.26946819,10.25682472,7.411148621,4.72143205,3.241895389,0,0,0,0,4.469293738,3.982367001,4.935990901,15.42393795,15.07511465,LAML,Tumor
TCGA-AB-2818-03,13.79573246,13.79044997,6.326272373,12.02940369,10.66472789,4.945887638,8.466592121,11.23773355,7.162828825,1.435155441,12.63362779,12.55307796,3.871144304,9.925323718,4.103420006,10.60204846,10.56601271,4.985228806,11.37735617,11.39343901,0,0,5.132669907,12.64729693,7.347760853,3.871144304,6.42971064,0,0,0,0,8.424278592,8.527822731,8.406274989,14.48584988,10.45041208,LAML,Tumor
TCGA-AB-2819-03,14.52370397,14.51073315,7.726697422,15.78216701,11.95438607,9.908998753,12.18506625,13.56408495,8.282506577,3.967196465,13.43195461,14.64688143,5.746986897,10.56770451,3.668146589,10.33896222,10.04316645,5.392071697,11.02637063,10.95581335,0,0,6.424817207,8.361692811,7.726697422,4.214774727,1.973816967,0,0,0,0,4.214774727,4.426024711,3.967196465,15.58769318,12.98891469,LAML,Tumor
TCGA-AB-2820-03,12.23375184,12.20833661,10.47642459,15.24574978,9.704616687,10.7467563,13.75003021,12.45420254,11.45956051,4.155519908,13.49209977,14.80326671,6.649583875,10.87915547,2.020908933,11.37569931,11.29018904,9.294553559,11.48210121,11.41743281,2.831226261,0,6.331243768,5.885317721,6.692876241,2.831226261,0,0,0,0,0,4.485990721,4.384019405,4.155519908,16.18258992,14.38577472,LAML,Tumor
TCGA-AB-2821-03,13.8825449,13.85864048,11.29212283,13.96172727,10.85167071,9.180145576,12.93043694,13.22781091,8.884319672,3.503473916,12.90148157,14.7107618,6.990501111,11.69626667,1.617391117,10.03274491,10.04691734,7.207912046,11.00472563,11.03632452,0,0,6.457204576,10.74791726,7.936915928,3.745149111,2.848916332,0,0,0,0,8.752162903,8.981966783,8.970116264,15.18764364,16.13738865,LAML,Tumor
TCGA-AB-2822-03,13.97118618,13.96014653,10.14851827,14.51018212,10.88824875,10.51110922,12.87824289,13.25876667,8.557896897,1.654338839,13.08494257,15.10350976,8.481932751,11.18960657,0,10.16210395,10.1809115,5.309620375,11.12309023,11.20806125,3.261705011,0,6.123692266,6.251200784,7.753410248,0,2.895955565,0,0,0,0,4.622091834,4.622091834,3.553231097,15.55093434,15.03888912,LAML,Tumor
TCGA-AB-2823-03,14.46891705,14.44638168,8.975689727,11.36602373,12.05601701,8.277925151,12.14345992,14.2519053,5.252720717,0,13.12483038,14.46465917,5.658267161,11.58872456,3.074726687,10.49088256,10.58105721,4.290072756,11.55767005,11.52411481,0,0,5.916532488,8.047657671,7.875882678,1.797053248,0,0,0,0,0,5.945792312,5.760609384,6.325586419,14.89542734,14.52709312,LAML,Tumor
TCGA-AB-2825-03,13.48696616,13.49195863,2.906473308,9.681855437,11.50861331,3.628914126,8.147996862,10.80011546,7.201645671,0,13.02656069,11.19692748,3.189395876,10.51952365,3.720654305,9.888832911,9.825670326,6.621575285,10.70784839,10.70574506,0,0,5.659523995,10.67525543,7.939466991,6.318067422,7.830431974,0,0,0,0,9.435059325,9.37102372,9.264548305,14.34100702,8.243884005,LAML,Tumor
TCGA-AB-2826-03,13.90812315,13.9021112,7.13121408,9.434799604,10.80981825,4.792052695,9.192943434,9.106631589,5.677289623,0,13.03797853,12.70151459,5.455793312,10.17463968,4.033455159,11.08114973,10.97030101,4.792052695,11.27121697,11.23292455,0,0,5.455793312,11.25983559,8.053209807,5.654292748,4.169429992,0,0,0,0,8.596199415,8.453629728,8.562628099,14.34982972,10.85779022,LAML,Tumor
TCGA-AB-2828-03,15.56576749,15.53424387,6.741148075,12.9846546,11.50519473,6.511327435,10.01339715,11.07052442,10.7585767,1.28221026,11.78299722,13.04628137,4.579771795,10.64575043,0,8.264311921,8.188435079,3.937450613,10.77045375,10.76808615,2.750274411,0,5.792342303,9.47146358,8.63031498,6.533800383,4.184705105,0,0,0,0,8.429227125,8.386648406,8.549905741,14.64434131,12.02579032,LAML,Tumor
TCGA-AB-2830-03,13.82048557,13.79406608,6.937066738,12.62813028,10.89194242,7.405400997,12.05706317,13.18642887,9.652416264,0,13.03366254,13.29903619,4.234604093,11.13065517,3.186251424,10.71409352,10.53187198,8.908884095,11.31537787,11.28196814,1.389834401,0,6.004477482,8.160907349,8.119475632,6.17595094,5.375461332,0,0,0,0,10.26175122,10.15712181,10.27313174,14.70289398,11.70248364,LAML,Tumor
TCGA-AB-2834-03,14.48965562,14.43571565,7.718173646,12.26291926,12.03766427,8.003651694,8.901204809,10.85446413,7.545283281,0,12.70960167,13.30470066,5.917747018,11.08811737,5.728507158,9.61525448,9.620712287,9.453397269,11.55380192,11.55807516,0,0,6.755098227,13.07301288,8.860264581,6.317873877,3.075815153,0,0,0,0,12.76825624,12.78141298,12.77408448,14.56439857,12.47438333,LAML,Tumor
TCGA-AB-2835-03,13.99029575,13.97787697,6.178267902,11.18327484,11.41906565,3.465072792,8.673497555,9.269071863,7.002393676,2.120252063,13.54943682,11.54347434,1.692337473,10.76173722,2.120252063,10.77649736,10.73553794,6.013602391,11.12175076,11.16936184,0,0,5.769855797,11.75946548,7.255145114,5.769855797,5.512099871,0,0,0,0,6.938204056,6.632256014,6.632256014,14.52677476,10.54395759,LAML,Tumor
TCGA-AB-2836-03,14.04648708,14.05101647,6.971337987,11.26180481,10.28983968,5.78685652,11.00136282,12.60015538,6.649398722,1.002801877,12.73585542,12.07571805,4.397649719,10.62398035,3.17490236,10.40005695,10.39253448,6.786907318,11.33314888,11.38226437,0,0,5.327386795,11.25470956,6.705984397,5.677914186,6.825727926,0,0,0,0,7.423418245,7.155306174,7.327491576,13.95988526,12.4598967,LAML,Tumor
TCGA-AB-2839-03,12.09987769,12.15733647,8.525596082,13.34449479,10.02556106,8.759473989,11.25391859,12.07840289,7.233906098,0,12.68236009,13.96957839,4.71270076,9.451225864,1.486232965,9.495107381,9.160113583,3.323056418,10.09612196,10.00294212,0,0,5.580166172,10.38754637,7.877765283,4.808563858,7.750782115,0,0,0,0,7.821427088,7.942589676,7.899698652,15.86673562,13.40397253,LAML,Tumor
TCGA-AB-2840-03,14.26559163,14.25783187,8.932910654,12.05627127,11.90876565,8.760682655,11.70683506,14.28924947,6.676804538,0,13.38484449,15.49175373,5.519349855,11.16333675,2.417342436,10.40631965,10.26753716,6.676804538,11.24990547,11.3078835,0,0,5.982613451,10.04053301,8.245471728,2.763230536,4.080670965,0,0,0,0,9.161581208,8.962510558,9.051771798,15.5290603,13.84930586,LAML,Tumor
TCGA-AB-2841-03,14.0587425,14.03768213,8.100596972,11.62201788,11.15516478,8.239012564,11.18881915,12.51289217,9.616722806,0,11.54965253,14.45939037,5.432522224,10.29510803,1.295559059,8.879200039,8.743784213,6.961754026,10.54311798,10.41216644,0,0,5.526580709,8.577945851,7.766551707,0,3.282191575,0,0,0,0,7.043573047,7.250686799,7.194482155,14.42526488,12.99006855,LAML,Tumor
TCGA-AB-2842-03,13.90858675,13.90927085,7.532686595,12.30105553,10.98371927,8.052018005,8.535890864,11.50015604,7.105992261,0,14.01236378,12.48070459,5.891178045,10.50065401,4.626714741,10.89532634,10.75319518,9.039332284,10.39325664,10.49883713,1.497453973,0,5.296172474,10.63575407,8.394518223,5.541824526,6.901151661,0,0,0,0,12.69897853,12.64496509,12.73067407,16.559974,12.42773504,LAML,Tumor
TCGA-AB-2843-03,14.14907121,14.16558453,9.093036775,13.88516901,11.23517076,8.877923653,12.99588865,13.16058891,12.02908121,2.446214934,13.91040465,13.836409,4.393985587,11.3129315,4.232612717,10.7563597,10.80740487,7.789646174,11.34660154,11.33173401,3.84293168,0,6.561428713,8.506455372,8.575394127,3.599866318,3.599866318,0,0,0,0,7.410188916,7.410188916,7.118371677,16.15236486,14.17793325,LAML,Tumor
TCGA-AB-2844-03,14.91322537,14.91492304,7.84145306,13.14777858,11.57831322,9.172635534,11.8013377,14.08488436,7.218328366,0,14.14211917,14.03646786,7.086809322,12.11497948,3.508413186,11.92875672,11.82216541,5.00628155,12.20257212,12.22542392,0,0,6.252743232,12.13509423,8.188027839,5.983660938,7.05900303,0,0,0,0,5.923251316,6.392987451,6.202792707,14.9298729,12.84300993,LAML,Tumor
TCGA-AB-2845-03,14.7063187,14.72492369,5.797449016,13.56867187,11.15306794,9.444106094,11.43084721,11.66368018,7.499161736,0,12.79123085,15.35023522,7.524556923,11.08961385,3.175026797,10.49055722,10.28115986,3.791919587,11.62604798,11.62090631,0,0,5.878469341,11.05299588,8.106905279,4.902786548,4.092864266,0,0,0,0,5.52288897,4.823158458,5.049958865,15.37586022,10.62870163,LAML,Tumor
TCGA-AB-2846-03,14.76324846,14.7566319,5.163540676,14.92070578,10.74337893,9.549447735,12.05533381,13.46656009,6.985622414,1.330459731,13.15054016,13.41826722,5.101238839,11.57762136,0,10.79102757,10.68881641,5.101238839,12.20771374,12.15645491,2.010656685,0,5.979749717,10.39464186,7.853333512,5.223263018,1.330459731,0,0,0,0,4.657482581,5.036124632,4.472980933,14.22505221,10.73954931,LAML,Tumor
TCGA-AB-2847-03,14.67822648,14.67093174,9.168134899,14.74792344,10.40343363,9.821072682,11.77575299,13.7864723,10.92595056,3.663026326,13.62413424,13.47163355,7.694327351,11.43365194,1.84507329,11.37289126,11.38273055,9.73370952,12.49073172,12.54180849,1.84507329,0,5.82637843,9.566190966,7.904059639,5.169989681,2.628872493,0,0,0,0,5.364118472,6.391746913,5.82637843,14.93692936,13.81166421,LAML,Tumor
TCGA-AB-2849-03,13.93427428,13.94771654,10.1478162,13.14051069,10.73982161,10.26423154,11.43442531,11.36562575,8.867600496,1.467564339,11.89931015,15.28686434,7.709665854,10.2847958,2.179858784,9.261259269,9.089551621,11.70013138,10.93849288,11.00692995,3.01117071,0,6.919544279,8.65658398,8.572102965,3.739720997,2.179858784,0,0,0,0,7.660154619,7.955222411,8.0734079,14.45770914,15.34138158,LAML,Tumor
TCGA-AB-2851-03,13.74807699,13.7391347,3.73783589,12.10643693,10.08982634,6.659671951,10.31617354,11.78122211,7.961153566,1.904013495,12.33307047,12.09155542,3.73783589,10.36499369,0,9.563323369,9.48266422,8.082889226,10.7196317,10.76921653,0,0,4.519807888,10.81824971,7.394842067,5.65436439,7.429683261,0,0,0,0,10.02674598,10.04371397,10.01532209,14.07775638,9.25553054,LAML,Tumor
TCGA-AB-2853-03,13.41512016,13.40782641,6.818787904,12.20174243,10.8164296,7.636343101,10.51079093,13.09492919,6.415296817,1.444349554,13.38014168,12.63594963,6.415296817,10.3901386,2.151470172,10.58865181,10.44817477,5.853153555,10.63155067,10.77309297,0,0,6.161433464,9.751043126,7.67331174,3.884716301,8.327241294,0,0,0,0,8.074348259,7.929066694,8.280085299,15.16604426,11.27301108,LAML,Tumor
TCGA-AB-2856-03,14.55231242,14.53225672,6.203070646,11.91095123,11.96170881,5.392153049,10.89023417,12.16212283,6.528376342,1.517738793,12.78194566,12.94798313,4.42610417,11.01888532,2.720334727,10.09894044,9.957395555,5.030253081,10.5099665,10.54996632,0,0,4.656750622,11.79620317,9.00927887,6.887469073,7.038253111,0,0,0,0,7.991096424,7.686332955,8.06322732,14.35244879,11.17702468,LAML,Tumor
TCGA-AB-2857-03,13.76632782,13.73778501,9.013437353,15.56625786,12.00923542,9.013437353,10.96253732,13.24484697,10.46938827,4.006461137,13.48608108,13.04638034,4.279553754,11.93713364,4.398880885,10.42789871,10.38518056,10.12669043,11.3190148,11.34432429,0,0,7.129238169,10.84004074,7.276752213,5.108228653,4.006461137,0,0,0,0,5.679181424,6.051180832,5.937515514,14.58183884,14.40892553,LAML,Tumor
TCGA-AB-2858-03,14.88894071,14.89285871,6.85894202,16.16512845,11.55156158,9.2756866,12.97941666,13.82815284,9.482500938,1.665060713,13.4391874,14.56555252,6.831700275,11.26632972,1.665060713,11.05438257,11.13180659,7.083412576,11.33705446,11.28150999,1.665060713,0,5.473312699,8.332474882,7.552509251,4.360464573,5.67070451,0,0,0,0,4.869205511,4.972590513,4.757835974,14.7108162,12.11886338,LAML,Tumor
TCGA-AB-2859-03,13.33567435,13.32577978,6.585340978,13.19956121,10.24022543,8.184620742,10.06426111,13.12950647,9.008738505,2.218723831,12.52467923,12.28512493,5.802767699,10.51223619,1.780958011,10.69509727,10.71823438,7.997849978,11.19609362,11.2301486,0,0,5.636069649,8.667766036,6.926104912,2.218723831,5.406714751,0,0,0,0,5.894260921,6.30322155,5.738380905,14.48150104,11.76856137,LAML,Tumor
TCGA-AB-2861-03,14.28817443,14.27664313,5.663375676,12.60504704,11.91002886,5.229980611,8.396938532,9.620458498,9.708758523,0,14.38594102,11.29509019,0,11.29257121,3.96459141,11.55816873,11.48430371,6.899150175,11.05266046,11.01138556,0,0,5.438793449,11.16617555,7.866241369,7.566022862,5.996207223,0,0,0,0,12.74243723,12.72728398,12.73348821,15.23189345,10.87211261,LAML,Tumor
TCGA-AB-2862-03,13.6930557,13.72131721,9.249163011,11.50986655,11.44029415,8.958675979,12.66688106,14.05374475,6.65158737,2.148062369,12.85597224,14.78363189,6.381555341,11.31048429,1.717304194,10.22884791,10.12181357,6.715807619,11.43970005,11.38582064,0,0,5.398755934,5.945740656,8.019969943,1.100376904,6.098081007,0,0,0,0,8.338238182,8.15349415,8.281016801,14.40305658,14.31606924,LAML,Tumor
TCGA-AB-2863-03,13.55699269,13.54250343,9.55307633,12.6904108,11.82739581,9.609771322,11.24362737,13.38257042,6.831727328,0,13.12740511,15.76363011,7.691700004,10.39162232,3.46418219,9.836526311,9.595805078,5.812486571,10.64772456,10.65223018,5.071158303,0,6.431428905,8.814177339,7.195013631,1.811088727,2.589317908,0,0,0,0,7.358339721,7.195013631,7.010808757,15.61222261,14.39666954,LAML,Tumor
TCGA-AB-2865-03,14.19946015,14.20814492,9.49862365,14.72790815,11.09401812,9.640123734,11.95803252,13.36509807,11.07752412,3.017855115,13.8734281,14.0988504,5.852922805,10.5735238,0,11.48556459,11.38765857,9.059268503,11.01826323,10.90931079,3.017855115,0,5.32365613,7.962820208,8.250341011,4.228746669,2.661001384,0,0,0,0,5.761476529,5.761476529,5.896560311,16.13901455,14.66197332,LAML,Tumor
TCGA-AB-2866-03,15.01630604,15.00601816,5.954172203,11.12805979,11.34263165,5.009381797,10.73170895,10.97277168,7.228346948,1.274160855,13.30851959,12.08645122,4.876350493,11.30753377,4.05349247,11.18014489,11.08065363,5.702350024,11.18806115,11.23126648,0,0,5.886594115,11.71615691,8.497131164,6.355070759,5.49108339,0,0,0,0,11.85853486,11.88637218,11.81091138,14.37198794,10.20610965,LAML,Tumor
TCGA-AB-2867-03,14.16401171,14.17033095,7.57752328,13.49323979,10.77470518,8.881280796,10.45298295,11.8360523,9.822252704,1.994395076,12.22853748,14.51491968,5.992638881,10.86520061,0.996265805,10.29059025,10.12181144,5.747548069,11.79786465,11.80790711,0,0,6.452038553,10.70848818,8.29175355,2.315948445,6.121911853,0,0,0,0,6.037029435,5.693105617,5.693105617,13.98820102,11.94599258,LAML,Tumor
TCGA-AB-2869-03,13.07295003,13.06277033,8.794128052,12.15734752,10.25396049,7.53021146,11.53714526,13.89336591,6.720555416,0,13.17032755,13.03718163,5.553437521,10.49022208,1.627235612,10.93097187,10.8870832,10.32617305,11.17862016,11.15369978,0,0,6.471620025,8.315417421,7.300950703,0,7.375449455,0,0,0,0,6.537995095,6.601450263,6.981308024,14.88118448,12.94616186,LAML,Tumor
TCGA-AB-2870-03,14.43785778,14.42476808,7.553543394,14.51378631,11.69565604,9.066385268,11.56747549,12.62269346,9.544494067,0,12.84915546,13.86211896,5.834386199,11.31387242,3.484469694,10.71953586,10.65260082,5.550487369,11.51986258,11.57472487,2.136691451,0,6.612196646,11.67181655,7.920199174,6.481163634,2.136691451,0,0,0,0,6.425225926,5.790781993,6.142602136,14.43719506,12.43893581,LAML,Tumor
TCGA-AB-2871-03,13.85356147,13.86462682,7.664565284,14.74435347,11.04154723,6.924618861,11.83741942,13.34249419,9.662124542,1.39405201,13.09249943,12.83786411,6.36471076,10.99511842,1.39405201,10.92918823,10.86388641,8.048550079,11.61059275,11.58099585,0,0,5.897571747,7.479531501,8.003494351,1.39405201,5.730668674,0,0,0,0,6.36471076,6.526332546,6.392936601,14.75832096,12.87617265,LAML,Tumor
TCGA-AB-2872-03,14.55443228,14.55677292,7.814634886,11.65242329,11.58062726,8.089727674,12.36729236,13.36743656,5.324417696,1.611771057,12.27154111,14.87671821,6.229311777,11.2825905,1.611771057,10.50862429,10.50658654,4.992950387,12.32744402,12.4087999,0,0,5.531003659,8.804808938,7.334397376,0,2.354038815,0,0,0,0,2.841732247,1.611771057,3.495866409,14.55541827,13.12665741,LAML,Tumor
TCGA-AB-2873-03,13.76296364,13.7743962,6.332142576,12.28664597,10.00147234,4.589454425,7.620134141,10.3197547,7.866288526,0.844533491,11.69307147,9.764684453,2.315688237,9.854221754,2.715847037,9.494043946,9.547178867,7.851453827,10.55081319,10.6048852,0.844533491,0,5.262927627,12.58152067,7.748454873,5.321514198,7.69405981,0,0,0,0.844533491,10.14118779,10.17136539,10.27598515,13.1758632,11.55491798,LAML,Tumor
TCGA-AB-2874-03,14.34162069,14.3351965,8.546035388,13.46018806,11.43923873,9.39924059,10.72354205,12.93991955,4.685100798,0,13.08339377,14.85055831,7.156775161,11.75641088,1.945940249,11.17956514,11.12163359,3.740119662,11.80246175,11.84410576,1.537010234,0,6.735479597,11.07278878,7.354157814,3.105627965,4.737470016,0,0,0,0,5.138923224,4.788004602,4.454253489,14.65740266,13.29337994,LAML,Tumor
TCGA-AB-2875-03,14.50657195,14.47414378,8.214525625,16.3328703,11.63279213,9.583034012,13.16829962,14.14734958,7.426389316,1.285165449,13.32278486,14.51739819,6.765302265,11.36133645,0,11.31814105,11.21899369,6.269898616,11.59508882,11.6910146,3.467239956,0,6.348331173,8.956519499,7.508385453,2.409064748,1.953898061,0,0,0,0,3.643486466,4.298826547,4.071084316,14.5745131,13.20521004,LAML,Tumor
TCGA-AB-2876-03,14.08454608,14.08817293,5.374692656,11.07676765,11.31459053,5.584013346,11.6022416,9.589296286,6.857877453,0,12.44450952,15.99936993,7.244343844,10.44318943,1.389347087,9.533636704,9.455917452,4.23385831,11.1790688,11.18309413,0,0,6.074754662,10.40750751,7.376770565,3.185550227,7.213188771,0,0,0,0,4.104002033,3.624943917,3.421910781,14.6966611,10.80757934,LAML,Tumor
TCGA-AB-2877-03,12.88888218,12.91681707,9.226316423,10.18812373,10.2871825,3.165558737,11.26246098,13.17564947,5.407984115,0,13.40014917,13.98683948,6.894787297,10.9015293,2.531988232,11.00589724,10.95581552,5.656249799,10.83633957,10.81095336,0,0,6.184979035,7.109906012,7.368416929,3.604299574,5.1079294,0,0,0,0,13.84224263,13.83360195,13.84505929,14.81379921,13.72854768,LAML,Tumor
TCGA-AB-2878-03,13.80389737,13.8670514,9.881666528,14.39189717,11.42097868,9.876278997,10.77776521,11.90850023,9.343746305,2.175132697,12.94447903,12.96047867,6.474222398,11.05432431,2.175132697,9.962698646,9.892381605,8.718343339,10.33283565,10.54633131,0,0,5.839465163,10.95815578,7.831621587,3.291409506,3.005857517,0,0,0,0,5.176431808,4.465820395,5.104529398,15.13664921,15.5644176,LAML,Tumor
TCGA-AB-2880-03,14.73060964,14.75364265,6.498588489,13.43936149,12.04130735,8.555545858,12.00701677,11.84988184,6.689237775,0,13.34642664,14.87260778,6.916004574,11.53753714,2.885032715,11.46278694,11.37703839,4.084750062,11.85175294,11.8567307,2.885032715,0,6.754700848,10.0385056,8.211446329,6.33700311,3.606163256,0,0,0,0,3.606163256,4.730580291,4.545677392,14.83100583,11.16766978,LAML,Tumor
TCGA-AB-2881-03,14.16870002,14.14954813,7.947666168,16.12956228,10.34907646,8.503952531,11.62075551,12.77816317,7.611704645,2.814317646,12.32934183,13.19547114,4.735734829,10.70638564,1.326805384,10.10219021,10.01443814,5.577805058,11.46472815,11.52061074,1.326805384,0,5.157638942,9.271375957,7.589278233,4.007613804,0,0,0,0,0,4.651652187,5.217354426,4.735734829,13.87409425,12.61463952,LAML,Tumor
TCGA-AB-2882-03,13.37199251,13.33912232,9.434327695,14.98336469,9.582114413,10.01711136,11.16314113,13.41585923,9.582114413,0,12.49191933,14.26980564,5.549787132,10.48785862,1.04693522,11.37833519,11.28649397,8.418541587,11.91014926,11.91613152,1.04693522,0,5.791108567,8.847071253,7.179195576,2.662360017,4.843959983,0,0,0,0,6.240877004,6.021660386,5.923710006,15.11071883,14.73082333,LAML,Tumor
TCGA-AB-2883-03,13.50722638,13.50722638,6.69974338,12.30597865,11.52066664,5.627810272,9.764900703,8.303348404,8.422723873,0,13.77367525,13.96228595,6.741166969,10.26484358,4.967138951,10.52709058,10.33416223,8.095472009,10.02178778,9.961725845,2.010040761,0,4.82025158,8.357627036,7.439559453,7.464507139,4.260598855,0,0,0,0,6.858746391,7.439559453,7.536861702,15.34855273,11.83593924,LAML,Tumor
TCGA-AB-2884-03,13.59206186,13.57382788,6.474879524,13.08871688,11.01879477,6.428114362,9.250454761,11.72114076,9.919490126,0,12.85716137,11.93379846,5.20693507,10.74917746,2.929732683,10.53692941,10.47405315,6.474879524,10.70081599,10.73243473,0,0,5.965058577,11.7300039,7.985807614,5.986734936,6.688353718,0,0,0,0,9.279284897,9.266050232,9.176932455,14.92889045,12.10368249,LAML,Tumor
TCGA-AB-2885-03,13.33267494,13.33984509,10.81946856,14.56799521,10.58988039,9.599082541,13.07056052,13.09765106,11.00758483,3.924049514,13.7782116,13.54267202,4.226842731,11.4664865,0,11.34001589,11.27752405,11.78686601,11.51185062,11.49245647,3.301904829,0,7.448723427,7.533976787,7.046142797,2.184238076,1.471153116,0,0,0,0,5.256297696,5.256297696,5.040182566,15.86933847,15.39686592,LAML,Tumor
TCGA-AB-2886-03,14.51742124,14.50856584,6.981647192,16.91442506,10.45570944,10.25275481,13.45655615,14.11584695,7.144538591,1.328047706,12.89311273,14.67485361,6.946739596,10.89167551,0,11.1984599,11.1124837,5.830183842,11.64135836,11.70475698,4.138887519,0,5.830183842,7.473651377,7.290890009,2.816088888,0,0,0,0,0,3.331097374,3.709843342,3.709843342,14.79402647,12.14525019,LAML,Tumor
TCGA-AB-2888-03,14.92653182,14.93166615,6.697658686,12.20211412,11.28834073,7.783365376,9.606472795,12.41477778,9.031280929,2.696584129,11.26843821,12.70183094,4.00695252,10.31709202,1.245290592,8.638407802,8.682391408,6.255244991,10.9414369,10.92729004,1.245290592,0,5.905411171,11.23765055,8.470174938,5.248227335,3.87839469,0,0,0,0,6.92621691,6.909865141,6.77191684,14.3178723,11.08943943,LAML,Tumor
TCGA-AB-2889-03,14.59154092,14.57814355,6.531880983,15.8408107,11.51236913,10.40825982,11.91453154,13.35407853,8.093224076,0,13.5668433,13.93807339,5.566600499,10.89699265,1.172399825,11.01270354,10.96644217,3.09139197,11.44713494,11.49429858,1.172399825,0,5.676790352,10.39219695,7.840483068,5.447293472,2.251443402,0,0,0,0,6.102419349,6.22839438,6.128509752,14.12796713,11.51484395,LAML,Tumor
TCGA-AB-2890-03,14.21043739,14.22904876,9.227010171,15.9090154,9.969586011,9.130582475,12.08924765,12.86832,11.78595708,3.492582082,13.53506232,13.04307681,5.353436994,11.10047623,2.743644863,11.52598069,11.51310128,5.913010805,11.24294831,11.19886952,3.338590568,0,6.771548365,9.020929631,7.831399757,4.083493284,0,0,0,0,0,7.695250797,7.711028674,7.809581928,15.40804473,13.54376128,LAML,Tumor
TCGA-AB-2891-03,14.42356428,14.43304699,6.839407276,13.42553138,12.6139139,8.533451603,11.49062406,12.69023573,11.58097495,3.043644073,12.88384174,14.26570732,6.418414365,11.5956859,3.708869899,10.6262248,10.70139178,11.32665261,11.30202363,11.26427341,1.771985698,0,6.984046267,9.793427851,7.325581221,6.984046267,4.506978573,0,0,0,0,6.100696879,6.377090181,6.150597855,14.12028197,11.29787761,LAML,Tumor
TCGA-AB-2892-03,14.49138685,14.49622336,9.008094318,14.47727685,11.30478758,9.503704143,10.87314857,12.3056236,8.455391606,0,12.5753816,13.667978,4.834373557,10.54129531,2.642396598,10.11468909,9.991910094,4.064455307,10.85079278,10.8589623,1.208467317,0,5.842213649,11.73474405,8.054229095,5.629474479,2.302395096,0,0,0,0,6.315696749,6.743952859,6.4515528,14.68876857,14.48620447,LAML,Tumor
TCGA-AB-2893-03,14.61574984,14.61252924,6.463812883,11.99535054,12.65004681,5.607336943,9.361893811,9.131420247,11.16199105,0,13.50298641,12.54981424,4.857558572,11.22686009,5.746578866,10.16365642,9.858001143,10.15326393,10.4398824,10.29991541,0,0,6.380728964,13.03477607,9.473030132,8.175663819,7.221010402,0,0,0,0,9.376263141,9.32162388,9.329029787,15.31806587,11.87402421,LAML,Tumor
TCGA-AB-2894-03,13.51886202,13.51212277,6.040726963,10.89284722,11.24082754,4.972242775,8.9404469,9.446977445,8.35397716,1.597418662,14.75404084,12.9550957,3.476390761,10.50948216,3.71765822,11.78640949,11.51898173,6.040726963,10.67773666,10.6741634,0,0,4.772845401,9.908888914,7.275910926,7.25692622,6.494169438,0,0,0,0,13.96856087,13.94577276,13.99762154,16.92063041,10.90661652,LAML,Tumor
TCGA-AB-2895-03,12.61209481,12.57329427,9.689526371,13.62671727,10.48073956,8.58010622,12.37646334,14.38362053,5.341822012,0,13.37552244,12.84670779,6.133850051,10.60868029,0,11.46719218,11.46517514,9.289961871,11.88436829,11.86766766,0,0,6.926520901,6.995227513,7.222386689,0,7.66343376,0,0,0,0,6.804197029,6.55390086,6.287860566,14.73683067,13.96267539,LAML,Tumor
TCGA-AB-2896-03,14.11906115,14.13409142,6.34907105,11.85072927,10.33495538,6.67559515,9.907387661,13.40025252,6.968435137,0,13.18691019,12.5810532,6.642756452,9.723324997,1.722708202,10.15161714,10.02991014,6.914430377,10.94586397,10.99547813,0,0,6.221446218,9.521358147,6.389221343,1.722708202,7.439137002,0,0,0,0,8.912337547,8.9530877,8.973039118,15.18305186,11.5300216,LAML,Tumor
TCGA-AB-2897-03,13.60043255,13.57769044,10.20921817,11.33934247,11.2813063,9.5128225,12.60438748,12.34266559,4.824758741,1.286253084,11.65730807,15.1572439,6.929208548,10.77612572,1.286253084,10.38095509,10.33508586,5.417150435,11.37885579,11.33452732,0,0,5.091512525,8.63715692,6.350152886,1.286253084,4.586344842,0,0,0,0,5.417150435,5.208417724,5.151148941,14.27327009,14.5131294,LAML,Tumor
TCGA-AB-2898-03,13.81074451,13.78399666,10.57213855,14.17589911,10.32399291,8.709645699,11.78657943,12.76714175,7.503272615,1.07981704,14.41555227,12.73709615,5.907604745,10.69353866,2.447598238,12.45548612,12.39053498,5.644023388,11.68336457,11.65524383,0,0,6.197608384,11.38300332,7.503272615,0,3.308906166,0,0,0,0,4.395599253,4.469989683,4.052481367,16.3579725,14.52005532,LAML,Tumor
TCGA-AB-2899-03,13.34430326,13.32971745,9.540482534,14.3346583,10.22277849,8.62784055,13.39848298,11.95724941,11.35336673,4.569405903,13.95180998,13.21776648,4.569405903,10.36888286,2.967681208,11.75566997,11.73367928,8.190344507,10.85151401,10.78147444,1.095674669,0,5.937059144,9.430663136,7.791834917,4.08064223,3.489821506,0,0,0,0,7.497185409,7.821147171,7.62734035,16.67428659,14.21743242,LAML,Tumor
TCGA-AB-2900-03,13.63575518,13.63763232,5.349538562,11.16192293,11.55100611,4.782160318,10.01554791,11.08035685,7.352317103,0,13.16353671,13.15883874,5.566867291,10.38088531,0,11.02176693,11.04004933,6.4458361,10.72960114,10.58144213,0,0,6.072280787,11.56843014,7.322753684,5.093563599,6.207833851,0,0,0,0,6.072280787,6.499670808,6.207833851,14.9270891,11.78985467,LAML,Tumor
TCGA-AB-2901-03,14.1764202,14.19142975,11.03545727,17.08050809,11.87274578,10.24631787,10.02984588,15.23590528,12.0595388,2.01769284,13.63393112,12.00385485,6.354169285,11.178983,3.545072459,11.07677865,10.9535286,5.398019145,11.3706012,11.36644155,3.343133613,0,7.01204331,10.14311114,7.110833638,1.336099397,4.577137359,0,0,0,0,4.830063209,4.270240449,4.830063209,15.06714589,15.90959589,LAML,Tumor
TCGA-AB-2908-03,13.62328925,13.61522839,8.352514275,15.37160024,9.473408893,9.745225345,12.52985594,13.69755462,9.7246229,2.679966227,13.02830118,12.76548809,6.311465587,11.6236322,2.956151837,11.90877797,11.92842913,9.165639102,11.19985999,11.27735003,2.338084061,0,6.10024426,10.38902186,6.840168559,4.316828688,5.85270545,0,0,0,0,4.80951971,4.411530309,5.121121443,14.75774794,12.46371118,LAML,Tumor
TCGA-AB-2910-03,14.86348954,14.86578321,6.582872852,11.7229889,11.80834132,4.866011528,9.575260918,10.32875435,8.554579608,1.311621688,13.28855992,10.78166793,1.311621688,11.33151624,4.538107215,11.27482234,11.19132797,8.251964268,11.10075694,11.17384807,0,0,5.72457216,14.48583148,8.954359503,7.021832152,3.983863628,1.311621688,1.311621688,1.311621688,0,8.411191895,8.38584464,8.411191895,15.08015571,12.01775644,LAML,Tumor
TCGA-AB-2911-03,14.13878156,14.1061639,10.3222427,10.77756254,11.69583385,7.946372235,10.00190121,11.48339024,9.787871094,0,11.83412224,14.11655401,5.936776949,10.07501596,5.2509826,8.667354888,8.565133145,5.565313666,10.51278674,10.58856759,0,0,7.005224895,10.59938355,7.773787117,6.619654472,7.081265192,0,0,0,0,10.46154196,10.49667817,10.59722684,13.97236087,16.24964156,LAML,Tumor
TCGA-AB-2912-03,14.36977043,14.37823663,7.740127517,14.09412021,10.93015546,7.470871666,9.855500955,10.44067109,12.02881347,3.000008295,13.22873804,13.02718984,5.378520918,10.32890879,4.035632883,10.21966208,10.04522311,6.091709226,10.41870546,10.39640023,1.263039816,0,5.867905827,10.71391149,8.360198162,4.035632883,1.926006252,0,0,0,0,5.722475369,6.121024791,5.560724277,14.90524608,13.30555831,LAML,Tumor
TCGA-AB-2913-03,12.49898446,12.5635964,8.510231073,12.25177217,10.31189388,6.112238438,10.49216399,12.97405374,5.884535284,0,13.24563547,13.72231302,6.308853794,10.13852424,0,10.26825152,10.12227369,3.472542749,10.52961301,10.42750424,0,0,5.537665889,7.047729281,7.665396104,1.81766664,4.968149288,0,0,0,0,3.100190172,2.596985695,3.472542749,15.70712635,13.72930415,LAML,Tumor
TCGA-AB-2914-03,14.01393606,14.02144377,8.350919054,16.02570294,11.10493542,10.27922325,11.83781868,13.00300848,8.774019559,0,13.09710032,14.27624534,6.515276822,10.48897652,0,10.63858055,10.60140206,5.184174469,11.36649756,11.37950784,2.855895839,0,6.205441546,10.33139047,7.413688952,4.698113829,3.37285378,0,0,0,0,6.100029433,5.755848952,5.913500478,15.06485787,13.00611205,LAML,Tumor
TCGA-AB-2915-03,14.47391312,14.44718594,9.787769088,15.8682967,10.71335057,9.27678368,11.79748049,13.9081576,9.31240951,2.360490138,13.11648066,12.71248375,4.746664904,11.34666039,2.848632554,10.93218926,10.93904305,6.176651571,11.66549617,11.6576691,0,0,6.789069052,11.34894951,7.713146872,4.631036047,2.036181878,0,0,0,0,4.690008591,4.953358373,4.904394402,14.86842055,15.08185246,LAML,Tumor
TCGA-AB-2916-03,13.08084002,13.11832219,6.284150897,13.38903588,11.01536725,7.635363422,9.414476052,10.62900035,11.40414032,0,11.31359936,12.22499435,4.831666951,9.80850197,3.208322942,7.955839575,8.018328043,6.560988277,10.12833857,10.15291875,0,0,5.733465874,10.36314167,8.65158055,5.302545272,3.881461414,0,0,0,0,4.68528221,3.881461414,5.198439266,13.28961538,11.59945882,LAML,Tumor
TCGA-AB-2917-03,12.70785018,12.79152072,8.900661502,13.76102984,9.525089467,9.159083799,11.0845772,11.42867789,7.987168419,0,13.69870342,12.92417144,5.90946003,9.447195733,3.932363213,11.39958576,11.15847686,9.296357888,10.73202705,10.73375485,1.603203073,0,5.641433343,11.63782986,7.393433457,5.859690918,5.155785858,0,0,0,0,3.484248231,3.484248231,2.830765005,16.90255617,13.15349246,LAML,Tumor
TCGA-AB-2918-03,13.86000414,13.86759414,6.415323001,13.74373311,10.68654349,6.390089728,12.12513003,14.04061565,8.364230618,0,14.14211219,12.96462127,5.911527124,11.18901496,1.310240059,12.18228924,12.02571984,3.304360778,11.58618476,11.69900616,2.443470066,0,5.355980652,10.26183376,6.688014758,3.070241959,4.788524521,0,0,0,0,10.21050426,10.03847762,10.06662176,15.67255202,11.40280224,LAML,Tumor
TCGA-AB-2919-03,13.08810352,13.07025484,9.640998528,12.9387199,8.905717839,7.806872943,12.26413091,12.41359494,5.007266558,1.37741809,13.09970605,14.43166462,6.917100475,11.14657279,0,11.99208129,11.96494472,5.176189469,12.08097077,12.08123682,0,0,6.537400475,7.314741519,7.485268533,1.37741809,5.355817934,0,0,0,0,5.747789859,6.219350114,6.002751637,15.13746216,13.7958234,LAML,Tumor
TCGA-AB-2920-03,14.01570664,14.05919121,10.43793397,13.66013495,11.13258826,9.645570442,11.09984692,12.64123807,8.722289485,2.480232286,13.03126719,9.789395867,5.399815616,10.59995962,2.480232286,10.34277548,10.26794051,9.707468724,9.766820179,9.715350098,0,0,5.639578872,11.52521979,6.711638811,1.337210985,2.829138589,0,0,0,0,2.829138589,4.381706704,3.881627328,15.42866038,15.13688437,LAML,Tumor
TCGA-AB-2921-03,13.17920184,13.17877429,5.941684846,13.40379937,10.86875093,7.397905326,11.4052955,13.39019887,6.151453326,1.247439041,13.32832236,12.1000655,5.143838722,11.28173867,2.699726185,11.59027013,11.55512401,6.17907736,11.12101426,11.12368224,0,0,5.251844196,11.21324839,6.540262299,4.433823897,5.491028473,0,0,0,0,5.027088481,5.251844196,5.086644304,14.40382427,10.56283015,LAML,Tumor
TCGA-AB-2924-03,13.17040798,13.14547669,4.956008453,11.23651538,9.574845287,4.656780706,9.900057461,10.9297212,6.494221851,0,12.85807815,12.25263855,3.281103099,10.5628512,1.966059778,10.88458853,10.84789261,6.569747569,11.29554737,11.2555096,0,0,5.570218302,11.67567968,7.267740034,5.479131819,6.294986541,0,0,0,0,5.203708438,5.447445235,5.277648352,14.28981982,10.16162018,LAML,Tumor
TCGA-AB-2925-03,13.0805789,13.06620484,4.117529738,11.08515774,11.52126073,4.554113973,7.94468379,10.45921539,7.39805631,0,13.52039054,11.49594945,3.936709542,10.62902652,3.729934357,11.01846306,10.99552828,7.466371176,10.07218521,10.21056308,0,0,5.585842367,13.25758151,8.15593361,6.371385607,9.12726477,0,0,0,0,8.411209016,8.543591617,8.664841134,14.64554104,9.549551783,LAML,Tumor
TCGA-AB-2927-03,13.62036375,13.61929646,9.752291598,16.55287846,10.33539709,8.172612327,13.94480064,12.60317255,11.23246064,5.070186778,12.3963005,12.83827769,3.787149289,11.36252967,4.011989692,10.34188194,10.33669639,8.950076758,11.28926271,11.20924034,2.997238746,0,6.122733134,7.810639186,7.465825169,5.019308989,3.366383488,0,0,0,0,3.660058321,4.530958915,4.456419145,14.24046441,14.84567888,LAML,Tumor
TCGA-AB-2928-03,12.81585968,12.85537383,11.03617751,15.96069146,9.257921793,10.1356749,12.98166732,14.26174717,4.415967445,0,13.54290786,14.39443221,7.524532305,11.27190904,0.859082197,12.44061246,12.39294219,9.269383507,12.493493,12.44924668,0.859082197,0,6.771443408,6.694174367,5.752278435,0.859082197,2.556625849,0,0,0,0,3.428491228,3.192010423,3.315090712,15.71189683,14.38013101,LAML,Tumor
TCGA-AB-2929-03,13.25114189,13.20593189,10.54063908,16.19562945,10.23381397,9.590535335,12.2470996,12.82111297,11.20835055,3.321640681,13.6068788,13.65985163,6.334436682,10.11843659,3.792261602,10.82247918,10.72833017,11.39276466,11.64463136,11.67897226,2.27985428,0,7.045637635,9.086006985,6.111193523,3.123099667,2.27985428,0,0,0,0,6.084114069,5.563019835,5.523249485,15.78493234,14.41496966,LAML,Tumor
TCGA-AB-2930-03,13.99316184,13.99607103,4.078107075,14.13679716,10.71883421,8.052333734,11.85064836,12.08352449,8.574509158,2.46989431,13.63750063,13.11766148,6.012578774,11.06830823,2.965331415,11.54018917,11.43825112,4.078107075,11.60942912,11.61100047,1.709297695,0,5.733635557,11.49495083,7.47622986,5.221887055,2.738776482,0,0,0,0,4.698783997,4.496024655,4.698783997,14.72657303,8.301026211,LAML,Tumor
TCGA-AB-2931-03,12.83915341,12.82318707,8.241854252,12.76439612,10.38879851,3.929053842,11.69240432,14.12149532,5.096282982,1.53487289,13.08139521,12.63199981,4.970948328,10.79922047,3.25388779,11.27184891,11.13794225,8.860994446,11.15124434,11.11960308,0,0,7.043698562,10.61162056,6.679805647,2.933893621,7.143888454,0,0,0,0,6.554340242,6.719314545,6.706264754,15.32016867,13.30005898,LAML,Tumor
TCGA-AB-2932-03,13.69813017,13.69724974,4.662505802,12.21939638,10.81420552,5.502268504,9.439915023,9.752640151,7.172415687,0,13.07260975,10.58768161,3.187201451,10.59274042,3.187201451,11.33346838,11.28366073,7.193880779,11.19695726,11.22002585,0.623456745,0,5.502268504,13.07170421,7.261515442,5.956137012,7.752233088,0,0,0,0,8.862148823,8.833373518,8.819631008,14.82478514,9.585069346,LAML,Tumor
TCGA-AB-2933-03,13.6871319,13.71022358,8.96055803,12.8803224,11.54037124,8.684959161,10.43001111,10.6954951,10.40417814,2.252962379,13.46221489,13.96626291,6.990742773,9.897771843,5.125132561,10.32590057,10.18363285,9.845571388,10.26758281,10.35523611,2.252962379,0,5.937007598,11.14151985,8.175651146,5.341607346,4.309833198,0,0,0,0,4.00597695,4.165889997,2.733334598,15.71656539,13.29441086,LAML,Tumor
TCGA-AB-2934-03,13.81707956,13.79790805,6.647685124,14.68453177,10.53642511,8.348795818,12.800116,12.9026147,7.617132317,1.379100234,12.71713222,14.18727137,6.900606979,11.44524583,2.536844176,10.79488381,10.84346293,6.900606979,11.85309503,11.88947066,1.379100234,0,6.023309075,9.520197749,7.663441602,4.447168347,4.818545316,0,0,0,0,5.241244987,5.045321125,5.615646291,14.36898485,11.61686111,LAML,Tumor
TCGA-AB-2935-03,13.92473255,13.90481689,8.022806159,14.33636291,11.4916806,9.511079996,11.14143377,13.05298092,10.40680714,0.925680472,13.00894521,10.9328699,4.608163256,11.51758638,3.445644477,11.13510012,11.06171023,9.04972055,11.02418937,11.03659913,0.925680472,0,6.039352347,10.53829176,6.859798479,5.657551234,5.605190106,0,0,0,0,6.694213112,6.433962433,6.403624432,14.60080709,13.74319314,LAML,Tumor
TCGA-AB-2936-03,13.50285068,13.49487602,10.51268612,14.86608876,8.575775039,9.972415407,12.9847088,13.31610105,10.15821465,4.406458506,13.15471392,14.05767147,6.893280851,11.28669058,0,11.65839548,11.59384126,10.04319691,11.4123354,11.52296432,1.424333069,0,7.066395289,9.781356451,7.474192199,1.424333069,2.12690944,0,0,0,0,5.115952327,5.184359212,4.888810062,15.47502273,15.14852148,LAML,Tumor
TCGA-AB-2937-03,13.44169827,13.45334175,10.24427524,16.61723665,11.72232745,9.985462867,12.19839357,13.09968059,6.575222507,0,12.45374001,14.8272652,6.835733054,10.48701774,1.63075818,9.05955068,8.806095976,4.151701034,9.749316955,9.731635647,3.521526321,0,5.899881189,5.424086957,7.842642669,1.63075818,1.63075818,0,0,0,0,5.110534925,4.709350361,5.110534925,14.73032473,15.78992515,LAML,Tumor
TCGA-AB-2938-03,14.11458868,14.12487782,10.05206056,15.94915863,10.83684546,8.127422607,10.88906313,12.29020324,11.02905953,2.457904177,12.80940751,13.1149441,3.964036758,10.38467046,4.15810876,10.06875878,9.905964408,10.11187677,10.73495871,10.72828569,0,0,5.117127743,8.997431956,7.200269428,2.457904177,2.127842901,0,0,0,0,5.250847343,5.556593265,5.292801255,14.39385958,15.64593917,LAML,Tumor
TCGA-AB-2939-03,14.02449431,14.01512559,9.875666402,14.03725673,10.33152605,10.67047661,11.37690676,13.27425374,5.330002332,1.566194114,13.5065464,13.68793331,5.431834502,11.07045789,0.985946285,12.24059493,12.23971765,6.541910616,12.5472987,12.56304798,2.783178775,0,6.220057566,10.12786286,7.38977409,1.97886812,4.365429811,0,0,0,0,3.29653244,2.299376259,3.144845669,15.02207195,14.27810274,LAML,Tumor
TCGA-AB-2940-03,14.55212972,14.53957254,7.287510859,12.66916821,11.2003858,5.48636466,12.40973328,11.77690869,6.812485955,1.49887071,12.78680489,14.98719236,7.108169364,10.9872097,0,10.18750602,10.07720611,5.65270945,11.69504473,11.72103217,1.49887071,0,6.313376381,11.48038553,7.670371123,5.082014838,4.267695939,0,0,0,0,5.002055953,4.917404114,4.62881908,14.68888979,12.46995214,LAML,Tumor
TCGA-AB-2941-03,14.71927682,14.72988318,8.822495293,16.93705421,10.32488026,7.323993205,12.10800747,12.53374128,10.55474059,2.157530133,13.28327167,11.47270584,3.271090961,11.84469902,4.84257829,11.12464143,11.09412686,7.316180288,11.74456084,11.76515226,0,0,5.255922528,12.55443621,6.793151434,5.57683368,3.135597908,0,0,0,0,6.75897775,6.972855178,6.826534327,14.22414686,15.06534601,LAML,Tumor
TCGA-AB-2942-03,13.86172609,13.8688046,7.669415869,15.52995578,11.28784931,9.866247573,11.81319395,12.4347377,7.580232868,0,12.63733272,14.28787253,6.349468377,10.38111152,0,9.565302118,9.306360928,4.359330771,10.60561099,10.60334939,0,0,5.565979945,10.59881553,8.368459718,5.707466536,3.427960903,0,0,0,0,6.260411578,6.433345911,6.115585138,14.69206911,12.66903666,LAML,Tumor
TCGA-AB-2943-03,13.09543306,13.13678824,9.051159108,14.24772005,9.993022132,10.57321533,11.72964011,12.80237934,10.59669374,4.079563717,12.9451537,11.50329068,5.735154742,11.98792994,2.471163263,10.71454018,10.66895299,11.0933039,11.96186782,11.9286138,2.471163263,0,8.047694392,8.388235486,8.244298761,3.334827674,6.410761371,0,0,0,0,2.966681662,4.261502834,4.079563717,15.72416325,14.42048031,LAML,Tumor
TCGA-AB-2944-03,13.31143473,13.34790646,11.29813789,15.42466033,9.590800121,9.140379999,13.0968873,13.96244746,10.38970511,3.023376725,13.42148071,14.90939937,6.493992325,10.6195926,0,11.32244398,11.1745148,9.262655902,12.08111408,12.16190799,3.023376725,0,8.605932372,8.068244366,6.435765407,0,3.023376725,0,0,0,0,5.452335283,5.195875912,5.859111625,16.77858237,15.99180428,LAML,Tumor
TCGA-AB-2946-03,13.90120524,13.86603006,6.580273464,14.25263766,11.07400955,7.472335322,12.37135113,10.75310471,6.655448921,1.831531926,12.81836579,15.340384,7.408574216,11.49315544,0,10.59021958,10.68969286,5.840495033,11.57530514,11.52106167,1.831531926,0,6.794979551,10.0609186,7.553190195,3.117270316,4.865455207,0,0,0,0,3.786151149,4.986855963,4.586904924,14.785906,11.41147593,LAML,Tumor
TCGA-AB-2948-03,14.83377908,14.84905542,6.986666593,12.34544109,10.91090029,6.547149385,9.959353772,11.18474555,7.574849863,0,12.79881552,11.60463709,4.592704053,11.38417784,3.597171558,10.86010289,10.76589588,9.569163503,11.22544995,11.19900954,0,0,5.382226977,13.57735305,8.513787205,7.017899288,6.03917275,0,0,0,0,6.503683099,7.068496632,6.807610308,14.32696979,12.11782769,LAML,Tumor
TCGA-AB-2949-03,13.11347838,13.10145095,10.24128611,14.66501005,9.714645419,9.197986685,11.94047851,12.77265953,9.317180308,1.722145973,12.17087416,13.88601864,7.233163588,11.02523436,2.485049616,10.13319727,9.957513946,8.101255635,11.22414574,11.25704676,1.722145973,0,6.828633346,9.011328084,7.297835514,1.722145973,2.981451565,0,0,0,0,5.481754072,5.869913443,5.925547841,17.04252862,15.26460646,LAML,Tumor
TCGA-AB-2950-03,14.6832248,14.67302713,8.502962227,16.77712117,12.55811292,9.42275521,11.96196862,13.60370529,10.60995695,0,13.70027595,13.96249506,6.571712498,11.43350414,3.296306302,10.83338079,10.71467117,6.925931375,11.17913962,11.26441121,0,0,5.90271206,8.146528252,8.261613779,3.973300663,1.978680352,0,0,0,0,5.181733969,4.926627376,5.39843691,14.91392677,14.21965441,LAML,Tumor
TCGA-AB-2952-03,13.98704422,13.97494175,9.523043563,13.2041532,10.64325418,9.698159484,9.850774036,12.07647643,10.37754267,1.705192774,12.52907297,11.94946483,5.216128806,11.61499753,2.465047186,10.32002153,10.183651,9.436257247,10.70902901,10.7226039,0,0,6.324187227,11.83984743,7.883348251,5.955116828,6.324187227,0,0,0,0,6.104792588,6.006753496,5.955116828,15.00546167,14.14066452,LAML,Tumor
TCGA-AB-2955-03,14.54809487,14.523441,4.712891002,13.50284523,11.17384424,7.173186831,11.26941858,10.20562118,4.890699021,0,13.23438182,15.86539436,7.579970942,10.67398841,1.102058759,10.38827307,10.25248072,4.185796232,11.89341424,11.87899316,0,0,6.364732363,6.810197977,7.854669658,2.150502163,2.751257607,0,0,0,0,3.883551417,3.174127217,3.50073425,15.57247465,9.136575133,LAML,Tumor
TCGA-AB-2956-03,14.04772751,14.04436739,6.245154021,9.228415346,11.28015708,4.622820037,8.935227142,10.04014746,9.782774196,2.644528906,12.78939152,11.29982952,2.644528906,11.75547927,2.644528906,10.6897608,10.59984133,9.606857857,10.78087863,10.84202064,0,0,5.593241172,12.5660961,7.694719357,7.158142063,6.912934951,0,0,0,0,12.91784632,12.8829063,12.90431771,14.2608565,11.20510407,LAML,Tumor
TCGA-AB-2959-03,14.1284486,14.1108337,10.58711932,14.42128818,9.957187945,8.852340391,12.47530374,12.9241271,11.78678071,3.536308458,12.85251656,14.49280265,7.473307365,10.80082899,0,10.2062356,10.09175892,8.695159235,10.64239142,10.49473514,3.0122177,0,6.331193114,4.95601747,7.338048538,2.180790119,2.655587221,0,0,0,0,5.035895093,5.379940155,5.657533057,15.36098736,15.29409978,LAML,Tumor
TCGA-AB-2963-03,12.87839808,12.84377331,6.097141549,11.9022141,10.50514189,8.418935189,8.781807516,11.54160216,5.821542495,0,13.28856436,12.50767771,4.707707601,9.898853963,1.866077522,11.22825121,11.07922839,5.603395525,10.83577371,10.80517248,1.215803449,0,6.068993812,12.14653523,7.043818653,4.185478709,6.068993812,0,0,0,0,8.122916614,7.819279225,7.979071365,14.67507765,10.52729241,LAML,Tumor
TCGA-AB-2965-03,13.4772833,13.4555374,5.760233377,12.42591401,11.14631797,6.35258109,8.579601661,11.92015243,8.418766717,0,13.05079368,12.36148949,5.605760103,10.02143302,3.585802986,10.18041056,10.10311049,5.492749597,10.53278504,10.45195558,0,0,5.43274145,11.55710328,7.776797283,6.446611003,8.395376855,0,0,0,0,9.488420714,9.594929209,9.506727176,15.06200673,10.75733368,LAML,Tumor
TCGA-AB-2966-03,12.81138413,12.86703616,10.11686502,14.93320373,9.594142589,10.50638951,13.63173957,12.43949016,7.595998763,1.587337145,11.93884709,16.12619265,7.285853545,10.85087662,1.22442807,9.701102675,9.580354738,10.66266192,11.37479094,11.34692959,2.324776911,0,7.216235204,5.965435064,7.951912987,1.22442807,0,0,0,0,0,4.349160084,4.349160084,4.090813807,14.63604409,14.22723491,LAML,Tumor
TCGA-AB-2970-03,13.78956575,13.77356147,7.796410215,14.44088175,10.94951754,9.537276049,11.00235457,12.90638685,11.36950837,0,13.11940275,12.68992545,4.63612877,10.8781355,4.868183344,10.23502213,10.2810319,4.63612877,11.36832483,11.41263065,1.664335833,0,5.948389871,9.822977849,8.088574572,5.729886053,4.868183344,0,0,0,0,8.369776055,8.311852326,8.251505342,14.58984916,12.67898855,LAML,Tumor
TCGA-AB-2971-03,13.21081709,13.18333928,7.314678737,8.75445675,9.614784432,6.602747346,10.33541623,11.06034538,5.977446419,0,12.15334763,13.85261864,5.76188776,9.697225633,3.027629149,9.755441765,9.58970007,8.473926475,10.5464452,10.58054844,0,0,5.457072557,9.936051802,6.80090166,5.376540965,6.790578801,0,0,0,0,12.23102866,12.26404773,12.249047,14.14186082,11.59350038,LAML,Tumor
TCGA-AB-2973-03,12.39295542,12.38422853,6.231485671,11.77194604,10.91680637,5.335791359,8.564699702,9.317706749,8.037835437,1.729808115,11.81154075,12.14911196,4.595048092,9.296601351,5.06331802,8.754659134,8.658674153,5.936349465,9.701729885,9.725614026,0,0,4.595048092,12.15131799,7.505519898,6.39927572,6.9785295,0,0,0,0,9.174656922,9.253441082,9.214586726,13.72327438,10.96609447,LAML,Tumor
TCGA-AB-2975-03,13.8135752,13.78253559,5.689891886,13.17667305,11.03974181,8.59039065,8.843378157,12.58751892,6.636713456,1.243754982,13.38105521,14.04802543,6.328264865,10.07377565,2.694337103,10.68431475,10.51254896,9.963437331,10.85387573,10.87189335,0,0,5.902798315,7.824915526,7.092185498,2.694337103,4.893893852,0,0,0,0,6.75107497,6.352622578,6.533959225,15.81250576,10.55383895,LAML,Tumor
TCGA-AB-2976-03,12.97313654,12.96783399,4.452566378,12.21197706,11.04401937,7.918347501,9.173606186,13.09872598,5.243155547,0,13.1774006,12.82264732,4.987719371,9.973289804,3.263643515,10.31977079,10.23549674,5.964803542,9.951963904,9.994305053,0,0,5.936128513,9.779084825,7.58133869,0,8.024312825,0,0,0,0,7.165725683,7.36174223,7.165725683,15.4298325,9.869060782,LAML,Tumor
TCGA-AB-2977-03,13.64796969,13.65438498,8.804846395,13.24994307,9.803232538,4.977778414,10.58145019,12.02633555,6.271971178,0,12.46969545,14.70042101,6.965212553,10.35441935,3.842829226,10.14441569,10.0014386,3.637098037,10.32469496,10.37113373,0,0,4.887718023,9.946735238,7.207830757,4.791659116,5.487338355,0,0,0,0,6.235923924,6.375004754,6.439820348,14.68170001,13.36575644,LAML,Tumor
TCGA-AB-2979-03,14.45090117,14.4956427,6.992568914,14.03565905,11.10079306,8.757122698,12.01129179,9.626876997,7.312229375,0,12.67490253,16.04730543,6.868067601,10.65921969,0,9.692597696,9.578030316,3.527136912,10.72351542,10.58204924,0,0,5.596291002,7.613073725,7.986893134,2.647145475,0,0,0,0,0,2.647145475,0,0,15.1761959,12.42025002,LAML,Tumor
TCGA-AB-2980-03,13.92627385,13.92876928,9.126396823,12.91382507,11.12620003,9.315235673,11.84011064,12.98940255,8.542724443,0,12.94670138,14.92797482,5.275419416,10.88024041,3.558304987,10.04271937,9.776268222,6.654175238,10.10759141,10.09342539,0,0,5.706156182,7.928114885,8.365444601,1.885604038,5.706156182,0,0,0,0,6.30664895,6.095437302,6.446958281,15.4400123,14.47427125,LAML,Tumor
TCGA-AB-2982-03,14.18306165,14.17606164,8.71213184,12.15885711,10.42276665,9.328992842,11.44845057,12.70833249,7.129492914,1.216612552,11.78847912,14.72039304,6.070393106,10.38897686,1.216612552,9.642727063,9.574218898,5.524067438,10.81085177,10.88342915,0,0,5.299980986,8.29215978,7.706451488,1.216612552,4.97508357,0,0,0,0,7.479105006,7.059618663,7.030693011,15.17829116,13.91316665,LAML,Tumor
TCGA-AB-2983-03,14.03077933,14.00629928,6.510770844,14.06045692,10.72021174,7.668620397,11.78820227,11.53974112,10.08605155,2.70525029,12.59763328,13.84133868,4.639660971,10.70597518,4.528998688,9.895688281,9.809539067,8.598125716,10.50867697,10.52858793,0,0,5.092979373,10.68838196,8.215929688,4.74243626,3.590173111,0,0,0,0,4.409137543,4.639660971,5.30932053,14.25892735,11.78218333,LAML,Tumor
TCGA-AB-2984-03,12.94649203,12.94950371,10.40355668,11.875288,10.4109355,5.555023866,11.92863448,11.02919739,5.444316089,0,12.40414481,14.95497773,7.636245903,10.58899973,2.634396249,9.85428315,9.67130056,2.990144546,10.63776968,10.59872497,0,0,6.084293517,5.928494593,7.110345807,0.901642733,6.692743144,0,0,0,0,8.377858318,8.415028694,8.243796655,14.81637807,14.71928121,LAML,Tumor
TCGA-AB-2986-03,12.46350202,12.44315106,5.076205219,13.21078094,10.49322689,6.852686002,10.81931756,12.96912108,7.564000189,0,12.23112982,13.29032586,5.865115065,9.579002041,1.898392959,9.211817783,8.773061141,5.865115065,10.17018335,10.14259531,0,0,5.076205219,8.782029441,7.543050687,1.898392959,8.745816805,0,0,0,0,7.10222614,7.158405763,7.212479459,15.65761737,10.60104549,LAML,Tumor
TCGA-AB-2987-03,13.66778343,13.62635228,6.726756479,11.3984759,11.02812075,4.075461693,11.26895773,10.64745498,9.257831038,2.555753588,10.21579732,10.6713949,2.220270822,9.835280306,3.253921667,7.340131194,7.382938018,6.928058582,10.074414,9.999022656,0,0,5.527872274,10.42484669,8.105833329,4.920220354,5.084841418,0,0,0,0,8.222381627,8.204593758,8.245762687,13.1638635,11.87964565,LAML,Tumor
TCGA-AB-2990-03,12.98720725,12.98594832,7.33567807,10.06078651,9.646199189,5.693668377,9.873789861,11.13244177,5.362226251,0,12.88915161,13.68851408,6.679663289,10.0022148,2.183058327,11.07912695,10.96022473,4.550118418,10.68721464,10.8042127,0,0,4.985954935,12.03685575,7.513957477,1.748790954,4.985954935,0,0,0,0,11.16914121,11.19042952,11.14828455,15.37487917,11.85159353,LAML,Tumor
TCGA-AB-2991-03,13.88364032,13.90279676,9.686659567,12.11819181,11.25463597,8.038329394,12.46451838,12.50445276,7.577875602,0,12.53169042,15.34211485,6.45612718,11.38306022,3.084514016,10.07880967,9.96676677,7.61138446,11.21340481,11.1867923,0,0,5.962495372,10.53096268,7.95377305,1.997494028,4.551388784,0,0,0,0,6.156575688,6.551281999,6.504488955,15.04920447,14.58176693,LAML,Tumor
TCGA-AB-2992-03,13.26347247,13.26899736,9.740758824,11.87753755,10.27002007,8.700536053,11.76317684,12.05559468,8.687392478,3.095242564,12.76375219,15.08418299,6.574775078,10.76515653,0,10.28536734,10.28972245,6.835284848,11.37054865,11.2771329,0,0,5.203330695,10.0540532,7.780263039,3.383006101,4.443035626,0,0,0,0,10.44030502,10.44421726,10.44616941,14.9167193,14.58320738,LAML,Tumor
TCGA-AB-2994-03,13.51970813,13.50301298,9.294181972,11.00981137,10.09606841,7.666211232,10.50627804,13.57592744,7.522144447,0,11.6231266,14.32289951,5.823766095,10.575547,1.094590112,9.536241221,9.449864692,6.78149435,10.65592736,10.62098562,0,0,5.671379405,8.280761237,7.269553925,2.739333565,5.131988952,0,0,0,0,9.538445895,9.529606917,9.461529861,14.30455775,14.33531611,LAML,Tumor
TCGA-AB-2995-03,13.65205667,13.6095305,10.85338467,14.73306369,10.32077409,9.059895068,12.53565749,13.46409439,10.26481333,3.491122074,12.73525609,13.55039526,6.923274424,11.31731704,0,10.22523412,10.18135987,10.24668083,11.29983651,11.28065715,0,0,5.300714193,8.405405005,7.685702055,0,1.832312821,0,0,0,0,4.242414021,4.032669608,4.425499722,15.51278454,15.58867508,LAML,Tumor
TCGA-AB-2996-03,13.98132571,13.98861397,8.517479582,15.08063893,10.06062999,8.466994105,11.07548293,13.34947183,9.873032986,2.378676691,12.93573783,13.46946466,4.591157219,10.79932402,2.378676691,10.1025737,10.08594226,8.323033303,11.33442177,11.27452427,0,0,6.259474262,10.5970463,7.983197208,3.523748616,3.232843384,0,0,0,0,5.495255445,5.022565959,5.112898677,14.84738416,13.56206514,LAML,Tumor
TCGA-AB-2998-03,14.40269529,14.38754976,9.255477544,11.42908046,11.35085216,7.79396691,12.28416667,14.78257445,5.79066834,0,13.24911169,14.7626008,5.306526231,11.7039057,3.002464902,10.88105777,10.80815598,6.412174551,11.46263153,11.44186739,0,0,6.255445253,10.98830154,7.81658541,2.172116233,3.287930268,0,0,0,0,8.48662464,8.414319449,8.266076766,14.82039992,14.07455125,LAML,Tumor
TCGA-AB-2999-03,13.97386379,13.91184452,8.900553148,12.245924,10.3439521,8.161313573,13.14426146,13.60426634,6.019479801,0,12.12529813,15.06534975,6.498538357,11.08236357,1.645701659,10.70022235,10.67037768,6.428946613,11.95317746,11.98988788,0,0,6.428946613,7.078172428,6.90958138,3.541638982,6.355827041,0,0,0,0,4.945139697,5.041549908,4.841822453,14.44504124,13.6622771,LAML,Tumor
TCGA-AB-3000-03,14.06910265,13.99586781,5.51383666,14.00765916,12.24423437,6.816694224,13.05491603,11.18692764,6.121689683,0,13.60559386,15.51502056,8.195186679,11.66155458,1.37634929,11.46378522,11.48402394,4.640481128,12.04776187,12.01697883,2.533143934,0,6.596433242,9.474247316,7.223401427,4.545071161,4.545071161,0,0,0,0,2.884485002,2.067711332,2.533143934,14.95421205,10.11879761,LAML,Tumor
TCGA-AB-3001-03,13.96208245,13.91375011,6.130977024,12.98920936,10.21455121,7.84545769,13.60176681,12.96448383,8.519164548,0,12.22100438,14.8579873,5.872053903,11.5094025,1.188591457,11.12087507,10.96986446,8.061206798,11.88906566,11.84609694,0,0,6.394969388,9.300160309,7.038794791,1.831310588,5.390173256,0,0,0,0,7.745796866,7.975807589,7.908267994,13.98252248,10.80737191,LAML,Tumor
TCGA-AB-3002-03,14.92493193,14.90405992,9.111744495,14.77684278,11.00076692,10.12205488,11.54981962,13.25725226,10.34657444,1.478797377,13.06364982,14.37167744,7.256528278,11.58213484,3.026561597,10.23118955,10.1312799,9.184448986,11.47751809,11.56606771,2.193559186,0,5.8176759,10.14500776,7.909772288,3.026561597,3.551267324,0,0,0,0,4.368684201,4.488383767,4.238147286,14.37410795,14.76253577,LAML,Tumor
TCGA-AB-3007-03,14.22975588,14.23713044,8.946306617,11.68914058,11.21107807,8.236966386,12.71656326,14.05740289,6.817165974,0,13.28942582,15.0681292,5.795756534,11.73603834,2.935956402,10.38605587,10.2865972,7.517922658,11.43072047,11.40192533,0,0,6.360401766,7.802180141,7.93361044,1.220656227,1.872259053,0,0,0,0,3.541541354,3.167223191,3.541541354,14.90871105,14.0341354,LAML,Tumor
TCGA-AB-3008-03,14.39929134,14.37496079,6.825078567,14.36907875,10.85005665,6.268202404,14.19088696,11.0049517,7.338033611,0,13.48593689,15.71347043,7.691743052,11.39038076,0,11.81754503,11.76833938,5.221444517,12.27000278,12.24658171,1.448367637,0,6.637385481,7.242433115,7.029831919,2.984765051,4.192976071,0,0,0,0,5.221444517,4.442803664,4.841160796,14.63596706,11.09665102,LAML,Tumor
TCGA-AB-3009-03,14.59252725,14.57887802,9.485156723,12.60584825,10.48252173,10.06183623,14.04189899,11.86166578,6.138864282,1.387085667,13.78780804,15.23105449,5.963218416,11.6090672,3.182293754,11.77719885,11.6867705,11.38861573,12.22317511,12.21682418,1.387085667,0,6.324800237,8.834694033,7.455112091,3.182293754,2.547571982,0,0,0,0,5.426364062,5.313679865,5.530880907,14.83501326,14.00721654,LAML,Tumor
TCGA-AB-3011-03,13.62951719,13.57431479,8.030738679,10.61617861,10.40690056,6.094573455,12.12338835,11.29859192,5.424485553,0,12.87598748,14.46765632,7.130183719,11.00822885,1.073044876,10.53693016,10.39393937,4.945066872,11.49731684,11.49676586,0,1.073044876,6.117691864,7.688736665,6.974267055,0,5.044926813,0,0,0,0,10.64032628,10.61313153,10.63232188,14.08232253,12.42302185,LAML,Tumor
TCGA-AB-3012-03,13.83695176,13.81066536,9.671381627,12.93288043,11.14668577,8.779812568,13.15571306,12.91187326,6.688484017,1.239941165,11.73662729,14.89686798,6.081778088,11.33795072,1.239941165,10.63880752,10.57583812,5.99201866,11.60594384,11.56502689,1.239941165,0,6.081778088,7.37320118,6.780718936,1.239941165,7.169908871,0,0,0,0,4.594077925,3.869762262,4.421448255,13.74621014,14.43373808,LAML,Tumor
