CODE,Group,NOP2,NSUN2,NSUN3,NSUN4,NSUN5,NSUN6,NSUN7,DNMT1,DNMT3A,DNMT3B,TRDMT1,TET1,TET2,TET3,ALKBH1,ALYREF,YBX1,SampleName
"LAML(T=173,N=337)",Tumor,49.2985,43.5701,13.09,20.4897,15.0898,21.4906,0,82.6809,16.69,4.9499,6.9302,1.65,19.9197,16.5598,6.28,50.3693,458.2201,"TCGA-AB-2972-03"
"LAML(T=173,N=337)",Tumor,55.5292,51.3991,18.25,19.2705,9.3001,19.0395,0,116.2501,34.7601,1.12,12.8499,3.18,49.6207,22.2207,7.23,30.721,623.2632,"TCGA-AB-2914-03"
"LAML(T=173,N=337)",Tumor,39.8598,26.25,12.6099,17.4495,20.2399,11.7003,0.03,98.4818,12.4096,3.71,5.6798,1.62,61.2219,23.1998,5.5799,33.9292,433.6829,"TCGA-AB-2967-03"
"LAML(T=173,N=337)",Tumor,56.5586,31.811,10.8903,12.6704,10.5998,11.7101,0.01,89.7527,21.8405,0.76,9.6301,2.4099,42.0888,19.7794,8.8498,32.4705,553.1003,"TCGA-AB-2892-03"
"LAML(T=173,N=337)",Tumor,56.1913,32.8804,14.1399,18.6296,15.3196,24.0596,0.06,112.4771,26.72,15.36,9.0101,2.1,36.0408,14.46,7.0401,39.2104,322.1515,"TCGA-AB-2976-03"
"LAML(T=173,N=337)",Tumor,39.4913,47.0189,16.4203,26.2591,20.8003,15.8599,0.86,124.8878,34.4602,30.8405,7.9597,2.77,14.0802,12.1702,6.59,43.6215,463.4908,"TCGA-AB-2943-03"
"LAML(T=173,N=337)",Tumor,36.0208,20.6695,7.3799,16.6796,19.1494,10.27,0.12,70.4086,16.3499,13.5104,4.57,0.57,6.3602,4.9799,4.3601,44.461,424.4046,"TCGA-AB-2986-03"
"LAML(T=173,N=337)",Tumor,71.0114,58.391,16.8598,29.619,22.7097,25.5003,0.24,134.5585,37.9088,20.99,11.7499,2.2399,29.2193,21.4593,9.1201,54.1081,556.3687,"TCGA-AB-2869-03"
"LAML(T=173,N=337)",Tumor,84.7701,69.8883,16.3295,49.0292,26.5704,31.8507,6.78,150.5909,95.9815,21.1903,12.7196,4.0001,1.36,39.7109,8.7497,55.3102,875.764,"TCGA-AB-3009-03"
"LAML(T=173,N=337)",Tumor,89.6098,49.9209,18.7202,34.1889,24.8494,41.9898,0.19,108.9322,57.229,15.9304,9.2103,2.08,44.9786,27.0498,8.43,46.4907,455.7178,"TCGA-AB-2879-03"
"LAML(T=173,N=337)",Tumor,83.5624,42.7504,12.9797,28.819,26.1501,16.3499,0.62,150.8939,37.6496,7.3102,14.0403,0.13,50.8217,38.6411,8.43,67.8407,500.6634,"TCGA-AB-2994-03"
"LAML(T=173,N=337)",Tumor,66.8789,54.9015,13.5001,28.2103,26.3192,22.7003,0.05,185.3094,61.0693,1.7199,9.0702,1.84,28.62,32.43,9.6702,83.0428,666.517,"TCGA-AB-2870-03"
"LAML(T=173,N=337)",Tumor,36.3696,52.4901,16.97,17.1498,16.2201,14.41,0.05,144.0864,14.26,4.6299,3.76,0.2,59.6717,36.9694,7.8398,43.2302,547.1897,"TCGA-AB-2981-03"
"LAML(T=173,N=337)",Tumor,88.5723,49.6896,11.83,28.0698,27.5398,20.9203,0.06,121.0524,23.29,11.4302,7.51,0.91,34.1108,31.9192,10.4004,64.9419,528.2208,"TCGA-AB-2884-03"
"LAML(T=173,N=337)",Tumor,74.7696,94.5617,13.4496,22.8994,21.4802,18.1101,3.2399,205.9133,36.1509,13.1199,7.6301,0.17,31.9392,24.7703,11.8202,85.2887,786.1704,"TCGA-AB-2998-03"
"LAML(T=173,N=337)",Tumor,22.3505,22.6405,8.9702,11.2198,12.9797,9.0998,3.52,67.0878,13.4003,4.9301,6.8499,1.54,13.13,10.7903,5.2,31.1499,448.6345,"TCGA-AB-2978-03"
"LAML(T=173,N=337)",Tumor,59.8706,61.0016,13.8096,32.9603,29.3106,18.78,0,135.4756,68.4121,3.9199,5.6001,3.84,27.4693,27.8798,8.0899,67.7279,764.1956,"TCGA-AB-2875-03"
"LAML(T=173,N=337)",Tumor,84.9878,55.4907,15.0898,31.2602,33.6389,16.2404,2.11,169.1069,15.5399,2.8901,8.2102,1.71,32.7598,21.8405,7.2,88.2781,767.4336,"TCGA-AB-2956-03"
"LAML(T=173,N=337)",Tumor,50.8111,37.7096,15.1601,17.8694,12.3196,16.3103,0.03,145.0986,16.5701,7.9901,8.9497,1.15,32.8098,15.1895,7.93,36.3393,625.2536,"TCGA-AB-2965-03"
"LAML(T=173,N=337)",Tumor,55.41,63.5085,13.0104,21.2801,31.789,18.4996,0.01,163.471,77.8207,24.76,4.8801,0.47,13.0302,21.0395,8.1101,86.0011,743.2986,"TCGA-AB-3008-03"
"LAML(T=173,N=337)",Tumor,70.1018,61.1795,13.8096,22.7207,23.3595,24.1599,0.21,157.7166,34.5295,10.2103,7.9399,1.05,29.6992,24.0596,7.4902,56.2887,724.5282,"TCGA-AB-2844-03"
"LAML(T=173,N=337)",Tumor,71.7984,39.4694,9.16,19.8206,18.4804,12.5002,1.6601,72.5689,40.5988,10.3701,5.4202,0.07,22.9502,18.1402,7.3702,54.7002,568.6107,"TCGA-AB-3012-03"
"LAML(T=173,N=337)",Tumor,59.0914,45.7807,13.0004,22.8296,15.07,26.9992,0.13,74.8215,24.0596,11.9098,8.4499,1.36,22.7003,13.1,7.22,27.4407,433.4124,"TCGA-AB-2853-03"
"LAML(T=173,N=337)",Tumor,40.3799,37.6887,13.7904,13.8096,11.9098,18.5806,0,113.763,43.861,8.37,6.03,0.81,38.829,17.9999,5.6901,34.611,619.3442,"TCGA-AB-2876-03"
"LAML(T=173,N=337)",Tumor,35.461,51.8105,14.3204,28.9091,17.0596,27.1193,4.4799,96.7229,51.0901,21.6401,9.51,6.2099,21.6401,18.3998,5.9701,68.9214,461.8552,"TCGA-AB-2949-03"
"LAML(T=173,N=337)",Tumor,69.9319,89.5787,13.3197,39.2593,25.8904,26.9805,0.15,134.2138,72.7301,12.3701,17.1296,4.29,20.4302,24.0796,9.3401,39.3301,583.18,"TCGA-AB-2820-03"
"LAML(T=173,N=337)",Tumor,72.932,14.5798,12.4303,21.8799,18.2601,29.1303,2.04,92.7184,50.3483,12.9896,8.4798,0.86,17.8002,22.7696,8.2599,50.8005,772.022,"TCGA-AB-3007-03"
"LAML(T=173,N=337)",Tumor,63.5922,44.9288,12.6502,26.1103,24.1599,15.4197,0.12,81.0692,20.3003,9.8202,6.1201,0.56,43.2901,38.2308,8.1,41.3199,439.4017,"TCGA-AB-2851-03"
"LAML(T=173,N=337)",Tumor,51.6599,47.3689,28.2494,22.0306,21.7906,19.5206,2.7999,113.7314,35.941,20.45,7.51,1.95,29.8002,21.8693,7.7501,47.9504,498.2746,"TCGA-AB-2915-03"
"LAML(T=173,N=337)",Tumor,74.8111,45.6097,18.56,28.5803,28.5407,31.4602,0,137.148,39.4995,34.859,12.0702,2.4501,33.6995,20.1796,8.8002,50.9416,456.6664,"TCGA-AB-2988-03"
"LAML(T=173,N=337)",Tumor,79.5385,26.0091,8.64,27.9591,17.2894,18.7995,2.02,110.9516,46.1695,18.1201,5.23,0.19,10.3802,13.0601,8.2702,42.7089,633.5865,"TCGA-AB-2862-03"
"LAML(T=173,N=337)",Tumor,57.3283,44.0011,11.0699,23.7794,25.3804,17.0502,0.1,123.6989,37.6287,16.6196,9.9098,3.84,15.2497,23.3401,7.6402,55.9697,492.6424,"TCGA-AB-2847-03"
"LAML(T=173,N=337)",Tumor,61.2389,58.7687,15.07,30.6593,23.5497,15.9304,0.21,94.6798,49.3703,25.2908,8.1699,2.3001,25.0501,16.2201,8.8197,36.511,437.0022,"TCGA-AB-2859-03"
"LAML(T=173,N=337)",Tumor,59.5189,58.838,13.3799,31.541,19.4895,16.0101,0.04,137.2716,38.3396,21.8193,6.84,2.4599,31.1909,32.4502,10.7701,46.9212,685.683,"TCGA-AB-2838-03"
"LAML(T=173,N=337)",Tumor,53.1012,56.5586,23.7004,25.0102,8.5199,40.9691,5.23,186.1075,37.0592,10.6602,13.13,6.7998,39.0801,23.3094,7.5701,49.0905,425.3176,"TCGA-AB-2917-03"
"LAML(T=173,N=337)",Tumor,40.5004,27.5093,9.6897,13.2598,21.9894,9.1803,0.03,119.5183,12.9303,2.05,7.5402,0.76,26.2992,17.5198,4.7099,42.1706,473.5579,"TCGA-AB-2826-03"
"LAML(T=173,N=337)",Tumor,64.9284,82.0017,15.4797,24.2202,22.9598,18.3095,0.22,125.4083,21.8193,5.1602,9.3499,0.63,41.0686,37.8589,9.0702,61.5581,544.9188,"TCGA-AB-2825-03"
"LAML(T=173,N=337)",Tumor,82.1098,49.7895,8.81,25.7401,15.71,17.2296,3.4899,153.0958,27.2909,15.1601,4.9999,0.23,15.1695,14.8697,6.0401,41.1998,454.456,"TCGA-AB-2840-03"
"LAML(T=173,N=337)",Tumor,30.5893,36.0708,15.4701,18.1101,14.97,10.8903,0,69.632,14.3303,6.64,5.2701,0.49,32.079,27.9301,6.5699,31.41,344.0551,"TCGA-AB-2816-03"
"LAML(T=173,N=337)",Tumor,43.4706,23.9398,11.9902,17.1106,24.0396,26.72,0.39,107.4921,34.2696,16.2302,7.5701,3.2399,24.6095,16.5495,7.3401,49.1109,511.1125,"TCGA-AB-2868-03"
"LAML(T=173,N=337)",Tumor,82.6122,62.5083,16.2798,32.2193,18.78,21.3096,0.66,151.5542,27.5093,14.3901,7.6598,2.0599,35.1404,35.2306,8.0401,61.8018,479.5366,"TCGA-AB-2821-03"
"LAML(T=173,N=337)",Tumor,66.1779,36.4301,10.1398,22.7302,24.36,10.8797,0.04,163.3804,39.3601,12.8099,8.2102,5.2599,19.9598,23.9697,7.3299,74.5988,588.8668,"TCGA-AB-2843-03"
"LAML(T=173,N=337)",Tumor,60.6517,42.411,14.2402,31.271,22.17,24.3498,0.2,104.9011,47.4708,16.2697,10.4004,2.84,20.0903,25.6101,7.7099,43.5913,423.8754,"TCGA-AB-2871-03"
"LAML(T=173,N=337)",Tumor,43.1314,42.7593,13.8604,27.0404,17.0301,26.96,0.18,214.3156,21.0002,8.1501,4.3701,3.6399,23.5399,19.6496,11.7101,72.831,799.4135,"TCGA-AB-2938-03"
"LAML(T=173,N=337)",Tumor,79.3898,60.8707,11.54,21.4697,21.3407,14.1203,0.01,171.2419,37.8799,1.11,7.44,1.46,39.9788,32.2708,7.4302,64.2078,708.1435,"TCGA-AB-2846-03"
"LAML(T=173,N=337)",Tumor,63.3809,78.2209,13.2801,18.9697,29.8209,13.1801,0.26,173.9094,35.9909,20.0305,8.2897,1.49,23.0603,21.4103,12.0201,57.0389,972.8668,"TCGA-AB-2860-03"
"LAML(T=173,N=337)",Tumor,39.1289,53.6004,28.1692,17.6601,9.8202,24.5703,0.04,178.3654,49.6689,53.5188,20.2202,7.0699,2.4299,30.5299,8.4399,34.391,284.6795,"TCGA-AB-2849-03"
"LAML(T=173,N=337)",Tumor,55.6795,51.9615,11.0003,21.5398,18.1906,14.6,0.09,220.2645,28.1107,18.09,8.8799,1.29,26.2409,21.4296,12.3,86.5513,635.7421,"TCGA-AB-2891-03"
"LAML(T=173,N=337)",Tumor,43.6911,60.3498,9.7998,17.5101,39.4913,14.0802,0,127.3971,17.7005,3.56,3.69,0.47,36.3494,23.3207,6.64,61.4302,575.3506,"TCGA-AB-2932-03"
"LAML(T=173,N=337)",Tumor,27.4998,9.4797,6.9499,5.35,7.4498,5.7699,0,32.5696,9.3999,6.9201,5.7201,1.17,15.4005,10.4004,2.59,59.738,189.0852,"TCGA-AB-2984-03"
"LAML(T=173,N=337)",Tumor,57.659,55.8186,9.1403,26.1103,19.6796,13.87,0.07,88.7013,53.3299,9.8899,4.9099,2.4501,14.19,17.3302,6.8102,44.8914,643.7683,"TCGA-AB-2858-03"
"LAML(T=173,N=337)",Tumor,47.1593,52.6906,17.4701,27.0105,17.0195,27.8508,0.02,167.0448,29.3899,25.0206,14.7598,8.1898,40.0204,33.3602,9.5702,52.1817,478.5073,"TCGA-AB-2901-03"
"LAML(T=173,N=337)",Tumor,44.9693,43.2991,19.9004,15.5496,9.3901,11.2603,0.49,164.0499,16.6104,5.2899,9.9497,1.9001,65.3392,19.9695,4.94,42.5907,463.3623,"TCGA-AB-2912-03"
"LAML(T=173,N=337)",Tumor,48.371,34.9291,10.5998,16.8096,30.8191,10.75,0.13,190.6645,22.0703,10.8903,13.2598,1.06,28.2906,24.4005,8.3898,62.4001,620.9347,"TCGA-AB-2834-03"
"LAML(T=173,N=337)",Tumor,73.7812,57.9194,25.1196,26.6294,23.2706,25.5605,0.1,100.3631,40.0787,43.8002,9.9898,1.59,31.679,20.7599,6.7598,51.3493,569.2417,"TCGA-AB-2931-03"
"LAML(T=173,N=337)",Tumor,65.5388,70.3013,14.3602,28.1692,28.2201,17.8694,0.67,120.9434,33.9292,23.8404,5.8,3.1999,28.6994,22.3195,6.9398,36.9899,551.7984,"TCGA-AB-2935-03"
"LAML(T=173,N=337)",Tumor,66.3479,57.5712,11.0003,20.6795,32.7689,29.6293,0.02,82.0188,30.1493,12.2897,6.3001,1.05,16.21,12.4501,8.4499,46.3202,605.2123,"TCGA-AB-2921-03"
"LAML(T=173,N=337)",Tumor,55.3409,52.9505,17.6797,23.2593,28.271,21.2094,0.01,129.292,24.2001,10.5697,9.0702,1.27,51.1184,23.5497,6.1901,48.1302,488.5956,"TCGA-AB-2924-03"
"LAML(T=173,N=337)",Tumor,94.6732,31.2797,3.8999,15.7002,19.8495,8.1699,0.11,83.4004,11.4603,6.3602,1.7,0.62,16.0902,15.3898,7.3,56.9204,453.6063,"TCGA-AB-2824-03"
"LAML(T=173,N=337)",Tumor,62.6298,59.6717,17.6099,16.9195,13.2497,19.2305,0.04,136.8536,32.719,9.3098,14.4901,1.97,28.1692,19.5098,8.76,33.751,465.5515,"TCGA-AB-2970-03"
"LAML(T=173,N=337)",Tumor,72.1876,48.4683,19.4005,27.8296,8.9603,23.8107,0.02,155.9879,40.4499,9.51,8.1898,0.32,42.4698,33.1711,8.3099,47.1887,618.1862,"TCGA-AB-2874-03"
"LAML(T=173,N=337)",Tumor,49.4696,40.8104,18.5201,23.0299,28.0309,38.7591,1.61,147.8295,78.6776,26.6996,8.0401,2.79,40.8104,28.6001,8.37,64.4799,612.6833,"TCGA-AB-2939-03"
"LAML(T=173,N=337)",Tumor,51.36,56.1796,12.3196,16.1103,19.4302,20.8407,0.74,112.6331,33.6202,7.81,8.64,0.65,22.92,19.2305,6.52,39.7495,569.6364,"TCGA-AB-2808-03"
"LAML(T=173,N=337)",Tumor,144.1763,54.8102,16.3103,38.6089,25.3294,21.4995,0.02,188.2743,45.4897,8.4399,8.9603,0.85,29.0597,29.1505,8.64,73.7812,446.1227,"TCGA-AB-2877-03"
"LAML(T=173,N=337)",Tumor,48.4112,49.6207,13.9104,25.7204,23.0699,11.0301,0.04,109.2119,17.8905,4.1001,9.2698,0.53,57.671,45.4802,10.4097,36.2211,559.5788,"TCGA-AB-2837-03"
"LAML(T=173,N=337)",Tumor,57.3203,53.4891,8.4998,19.0501,36.1409,7.7802,0.05,183.1259,12.9402,3.26,5.8,0.43,38.6813,24.5703,4.7499,94.3588,862.6301,"TCGA-AB-2835-03"
"LAML(T=173,N=337)",Tumor,38.2997,38.5287,11.7997,18.3006,8.72,15.9602,0.91,113.448,18.1302,9.3298,6.64,1.51,19.4895,14.97,6.7299,49.3292,1016.8552,"TCGA-AB-2878-03"
"LAML(T=173,N=337)",Tumor,111.7776,43.0299,7.8501,24.5107,42.2789,14.67,0.13,143.2995,11.24,3.95,6.4,0.33,15.4401,15.3196,5.6001,71.2777,613.4482,"TCGA-AB-2861-03"
"LAML(T=173,N=337)",Tumor,57.5592,32.0589,10.7799,29.8498,21.0994,15.07,0.14,153.1382,49.9001,27.3003,6.7899,1.35,15.0303,31.5694,6.27,110.1929,902.6347,"TCGA-AB-2920-03"
"LAML(T=173,N=337)",Tumor,33.1298,29.7507,10.8203,20.7499,17.3494,13.9297,4.44,112.7503,16.29,4.5602,6.7899,1.33,29.4409,14.7598,7.4602,21.9802,415.2385,"TCGA-AB-2842-03"
"LAML(T=173,N=337)",Tumor,69.3719,54.2208,9.7402,20.2202,29.3309,10.3903,0.03,135.0724,19.3495,8.3898,3.8499,0.51,31.999,25.8994,4.9001,72.6394,695.7369,"TCGA-AB-2900-03"
"LAML(T=173,N=337)",Tumor,85.2119,47.9803,7.21,16.7201,38.2599,11.0003,0.31,137.4716,15.1601,6.5499,2.84,0.44,18.4599,10.58,8.2897,68.469,636.0947,"TCGA-AB-2925-03"
"LAML(T=173,N=337)",Tumor,49.449,40.9294,6.6899,14.72,35.0407,11.63,0,108.3223,67.7091,12.6598,4.11,0.16,10.2501,21.1097,5.3801,62.1196,555.0206,"TCGA-AB-2979-03"
"LAML(T=173,N=337)",Tumor,48.2003,55.56,14.0802,19.8797,18.0599,20.5295,0,119.4769,35.9809,0.78,8.4499,1.53,25.8796,22,6.0998,48.371,610.3943,"TCGA-AB-2942-03"
"LAML(T=173,N=337)",Tumor,69.8205,17.98,5.9198,8.4698,16.4796,12.8197,0.46,46.481,15.9304,1.19,2.03,0.01,10.26,8.2897,4.6799,29.4899,431.6436,"TCGA-AB-2803-03"
"LAML(T=173,N=337)",Tumor,86.9783,46.8011,15.5098,20.5395,28.3809,13.7503,0.03,169.9647,18.3705,1.82,7.8801,0.51,23.9398,25.4791,9.2301,72.1176,573.3203,"TCGA-AB-2866-03"
"LAML(T=173,N=337)",Tumor,67.0692,39.7798,14.5495,22.3304,20.32,15.5896,1.69,142.8829,31.8794,7.36,13.8201,2.76,29.7507,17.7497,9.0301,34.0093,474.6094,"TCGA-AB-2983-03"
"LAML(T=173,N=337)",Tumor,38.6491,34.4506,15.8896,19.7602,12.7497,16.1002,0.01,102.9704,18.8204,30.0408,8.9497,2.15,17.99,12.9097,8.4798,21.18,287.117,"TCGA-AB-2966-03"
"LAML(T=173,N=337)",Tumor,48.0702,35.2404,7.0601,12.6897,16.1505,11.8703,0.04,78.0692,19.5504,3.9601,3.97,0.05,12.3898,10.35,4.25,47.2116,444.795,"TCGA-AB-2841-03"
"LAML(T=173,N=337)",Tumor,40.5903,29.8209,8.4898,13.98,25.8796,7.0999,0.16,113.5109,9.9002,5.2101,1.78,0.12,19.7397,4.6599,3.52,71.3222,588.0918,"TCGA-AB-2811-03"
"LAML(T=173,N=337)",Tumor,67.0506,50.1289,11.45,24.8805,32.8098,24.5805,0.04,150.2051,61.1202,10.3802,4.74,0.33,17.7804,20.3694,12.3,61.082,682.4587,"TCGA-AB-3000-03"
"LAML(T=173,N=337)",Tumor,60.7611,38.4594,14.46,28.9994,22.7003,19.8701,0.26,116.8398,44.3409,26.0398,9.0602,1.4,26.9992,17.99,5.4202,42.7889,488.1217,"TCGA-AB-2896-03"
"LAML(T=173,N=337)",Tumor,33.7299,39.6889,7.8998,15.5798,30.879,4.3499,0.08,114.0867,14.0101,5.32,2.56,0.38,19.1295,17.3603,7.6699,63.1617,505.0552,"TCGA-AB-2985-03"
"LAML(T=173,N=337)",Tumor,19.1295,30.5194,14.3204,15.2698,11.0102,6.4098,0.06,71.441,17.0195,0.51,3.2899,0.4,27.8103,24.4802,4.9699,22.21,731.1877,"TCGA-AB-2987-03"
"LAML(T=173,N=337)",Tumor,55.2412,60.191,16.7398,29.5206,20.4897,29.9992,1.83,185.9914,79.9198,18.3603,14.9897,2.52,24.3701,29.2497,9.7503,57.739,493.1549,"TCGA-AB-2887-03"
"LAML(T=173,N=337)",Tumor,65.1719,49.869,14.1497,19.7506,24.3094,24.9998,0,164.3003,46.2913,10.2401,6.91,0.6,19.2705,21.8905,7.5199,69.4104,636.3593,"TCGA-AB-2940-03"
"LAML(T=173,N=337)",Tumor,56.2302,45.1786,26.5409,20.0305,6.8899,15.6502,0,155.61,44.9786,7.13,15.6502,9.1498,61.4515,19.2705,5.5298,43.0985,412.1131,"TCGA-AB-2959-03"
"LAML(T=173,N=337)",Tumor,78.5196,33.7908,10.7202,23.3595,10.0099,31.0701,0.13,112.2201,11.9802,3.0199,6.6101,1.85,20.6194,11.7304,7.3498,26.0705,566.9185,"TCGA-AB-2894-03"
"LAML(T=173,N=337)",Tumor,144.1763,31.8397,9.5503,22.2207,19.2599,19.7205,4.47,156.9859,38.51,14.5002,4.5602,0.13,18.4305,24.8099,5.5099,100.9002,728.7085,"TCGA-AB-2991-03"
"LAML(T=173,N=337)",Tumor,43.7608,53.4594,23.0299,21.2006,12.9196,24.76,0.1,129.1397,14.3502,2.8901,13.53,2.95,48.0902,30.2896,16.0101,34.5008,483.1733,"TCGA-AB-2805-03"
"LAML(T=173,N=337)",Tumor,53.1307,53.2708,10.0502,23.2706,20.8205,13.6696,1.51,115.9362,31.1499,3.8499,2.62,3.18,12.5098,13.8402,8.8799,54.9091,891.0104,"TCGA-AB-2819-03"
"LAML(T=173,N=337)",Tumor,128.7286,44.5103,13.4096,18.0599,11.4199,21.9604,0.25,92.3784,19.7506,10.2999,6.8699,1.27,25.0206,20.7197,4.62,37.361,406.8622,"TCGA-AB-2812-03"
"LAML(T=173,N=337)",Tumor,65.439,46.6909,16.4705,20.2301,13.5601,20.1601,0.47,126.561,27.4503,4.74,10.06,1.19,90.2581,29.3492,6.7899,42.4993,342.9598,"TCGA-AB-2971-03"
"LAML(T=173,N=337)",Tumor,75.9817,36.1609,11.7703,16.4294,26.2209,22.0397,0.26,143.8668,22.1101,8.6598,7.0802,0.87,18.7605,15.7601,6.27,57.8713,398.1302,"TCGA-AB-2990-03"
"LAML(T=173,N=337)",Tumor,59.2719,48.1102,15.9403,18.9802,13.5497,14.4801,1.3,164.494,16.9301,4.29,4.94,0.45,24.5907,10.9698,8.5898,58.838,488.9344,"TCGA-AB-2854-03"
"LAML(T=173,N=337)",Tumor,43.3502,59.3294,17.4798,22.7003,35.8092,20.7801,0.22,162.3531,53.1417,17.2798,7.6001,1.7199,35.6606,32.3604,10.9402,45.0504,389.0458,"TCGA-AB-2898-03"
"LAML(T=173,N=337)",Tumor,69.2806,45.2005,20.4302,28.3298,16.7898,28.6795,0.48,183.9528,35.1892,15.8797,8.0798,2.22,27.5704,31.811,9.5298,95.1799,978.6835,"TCGA-AB-2857-03"
"LAML(T=173,N=337)",Tumor,78.8305,40.9691,11.5897,23.3401,29.7693,22.4608,0.02,174.3559,36.1209,34.659,8.3301,1.37,22.7396,16.77,4.7999,82.2921,657.8878,"TCGA-AB-2918-03"
"LAML(T=173,N=337)",Tumor,61.2389,35.3996,3.97,21.5802,28.2906,8.2102,0.02,79.2688,14.45,2.2399,2.83,0.9,11.7304,9.3797,5.19,45.6508,501.1842,"TCGA-AB-3005-03"
"LAML(T=173,N=337)",Tumor,42.5789,45.4802,17.8496,24.5107,16.21,16.8096,0,137.9393,63.2581,11.9802,9.16,6.02,34.1108,26.8406,7.2401,43.6911,396.4778,"TCGA-AB-2890-03"
"LAML(T=173,N=337)",Tumor,63.8793,74.8007,20.2104,41.4892,13.2002,41.2712,2.3199,187.2072,56.6606,26.9207,13.9201,1.28,29.1001,24.5703,7.9901,65.8987,500.7328,"TCGA-AB-2928-03"
"LAML(T=173,N=337)",Tumor,81.2718,71.9179,8.1699,27.5494,79.0713,12.77,0.21,160.841,51.0512,3.03,5.99,0.17,11.4199,21.6296,8.14,129.7858,1030.1928,"TCGA-AB-2910-03"
"LAML(T=173,N=337)",Tumor,69.8108,38.7,9.77,13.5798,14.7598,14.2096,2.1199,107.9176,24.4005,4.1799,8.0201,1.54,21.1507,17.3904,8.1,44.3502,380.0634,"TCGA-AB-2927-03"
"LAML(T=173,N=337)",Tumor,81.8598,59.1692,15.3398,32.6397,24.8908,11.52,0.47,177.736,70.5209,9.7099,12.2804,6.96,28.9994,34.8397,8.2599,79.0001,459.8746,"TCGA-AB-2899-03"
"LAML(T=173,N=337)",Tumor,70.3891,42.7712,13.1,21.7197,46.7816,26.4307,0.36,152.8201,52.3302,15.4797,10.6101,1.71,26.5998,18.95,10.7098,48.2304,553.9828,"TCGA-AB-2930-03"
"LAML(T=173,N=337)",Tumor,64.641,64.538,16.3999,20.3101,25.6599,24.6607,0.24,175.7391,67.5404,13.1199,9.6201,0.56,31.9192,30.5299,6.26,69.6803,761.3405,"TCGA-AB-2880-03"
"LAML(T=173,N=337)",Tumor,86.5393,45.6192,17.0703,28.1595,33.9504,25.4897,0.08,158.6156,37.2705,19.0606,8.1801,1.48,29.8002,29.2396,11.4302,55.6216,372.7323,"TCGA-AB-2919-03"
"LAML(T=173,N=337)",Tumor,66.3617,71.9179,14.94,27.2097,9.5901,24.9599,2.16,151.2185,47.9803,9.0998,11.9296,1.91,29.9099,23.3903,9.5802,44.0713,504.1458,"TCGA-AB-2817-03"
"LAML(T=173,N=337)",Tumor,55.1685,44.9599,13.2103,31.9901,13.2598,19.2799,0.09,136.1062,63.3722,37.4492,6.9499,5.1502,27.3894,30.549,9.6401,53.5188,511.148,"TCGA-AB-2865-03"
"LAML(T=173,N=337)",Tumor,28.5209,35.7894,17.8397,18.8099,10.6898,9.8899,0.4,90.7222,9.6897,0.94,6.96,0.66,66.0405,22.6296,4.7499,23.3498,269.3792,"TCGA-AB-2973-03"
"LAML(T=173,N=337)",Tumor,112.4381,21.5204,10.83,30.77,33.3302,17.6405,1.04,87.0507,30.6105,4.23,6.1299,0.08,14.1095,24.9392,4.8699,58.94,553.9828,"TCGA-AB-2897-03"
"LAML(T=173,N=337)",Tumor,54.7116,38.8398,12.1399,19.3401,22.4701,14.5596,0.22,100.9632,26.1302,13.8201,8.2199,1.58,25.5605,16.1898,6.3001,38.1487,545.1076,"TCGA-AB-2963-03"
"LAML(T=173,N=337)",Tumor,42.8305,24.0296,4.6599,12.1702,20.4104,5.8802,0.05,36.2111,9.2801,9.2397,2.0599,0.26,3.8899,7.9802,5.3101,45.6192,283.7733,"TCGA-AB-2977-03"
"LAML(T=173,N=337)",Tumor,39.6696,55.1685,7.6497,13.8796,20.99,15.3504,2.7299,82.5893,28.1692,32.6895,2.5501,1.53,8.5199,11.0599,4.7001,54.3186,461.9513,"TCGA-AB-2908-03"
"LAML(T=173,N=337)",Tumor,76.4678,95.7423,14.6203,33.7206,28.6696,22.2902,0.16,140.6523,108.7587,6.27,5.7499,6.1201,29.0597,29.5493,9.5001,60.3916,646.5857,"TCGA-AB-2886-03"
"LAML(T=173,N=337)",Tumor,31.69,35.9211,22.8899,13.8998,11.6397,8.1101,1.18,82.6007,15.9304,1.86,10.2103,0.94,113.1417,33.0289,7.83,20.1699,345.7525,"TCGA-AB-2916-03"
"LAML(T=173,N=337)",Tumor,132.7611,65.949,14.8203,26.1392,24.0096,24.5005,0.53,171.9913,23.6004,8.3898,11.5097,0.17,58.8788,41.8706,8.28,62.8995,397.193,"TCGA-AB-2848-03"
"LAML(T=173,N=337)",Tumor,70.8197,44.3809,5.2398,16.8096,38.0009,11.89,0.27,112.7581,13.4003,6.8599,3.7399,0.3,8.8197,8.9299,6.67,75.8923,847.047,"TCGA-AB-2856-03"
"LAML(T=173,N=337)",Tumor,49.7585,58.4194,14.7803,25.9695,17.6405,20.0305,0.08,130.4442,37.6,0.52,9.3602,1.6,30.2393,26.1302,8.87,58.8992,669.2483,"TCGA-AB-2881-03"
"LAML(T=173,N=337)",Tumor,82.0302,42.3904,21.2197,23.8008,20.2497,31.0808,0.04,74.0117,57.5792,19.8096,11.4603,3.5301,29.1707,23.6299,8.0502,34.1297,442.5807,"TCGA-AB-2903-03"
"LAML(T=173,N=337)",Tumor,41.4203,25.8205,16.29,11.16,10.7903,7.9498,0.03,76.8611,28.7293,8.7697,8.5702,1.45,56.6881,25.1301,8.2897,30.7999,390.126,"TCGA-AB-2911-03"
"LAML(T=173,N=337)",Tumor,68.7591,75.1125,13.3502,29.0094,27.6201,18.4701,0.08,82.6981,34.9001,20.3694,8.4998,0.68,28.6299,17.6797,8.0899,36.1209,427.8901,"TCGA-AB-2934-03"
"LAML(T=173,N=337)",Tumor,62.2015,36.3898,13.1,29.2903,13.0104,21.1302,0.32,79.9808,29.9307,18.3998,14.8203,2.39,25.3101,23.1596,7.0999,36.3898,392.8395,"TCGA-AB-2839-03"
"LAML(T=173,N=337)",Tumor,54.2809,25.1998,9.6201,17.4604,15.4101,26.1701,0.8,59.4694,34.3791,9.5001,3.76,0.16,14.4701,10.8699,6.84,26.1302,427.6529,"TCGA-AB-2999-03"
"LAML(T=173,N=337)",Tumor,51.4883,30.0804,12.7003,16.53,9.9801,19.1999,1.12,129.6509,28.2396,12.7399,8.2302,0.42,12.7603,14.81,9.0803,39.7302,654.7942,"TCGA-AB-2980-03"
"LAML(T=173,N=337)",Tumor,59.5106,76.7386,9.0702,43.3112,13.8604,30.3296,3.59,182.3027,82.7096,60.9509,11.9902,7.5801,21.7997,25.6492,7.6301,70.5405,619.2584,"TCGA-AB-2885-03"
"LAML(T=173,N=337)",Tumor,45.9492,42.1794,22.3893,29.1707,15.7601,12.47,0.01,133.2498,31.69,9.5702,11.1903,2.21,42.3493,33.351,7.2602,54.6888,513.7765,"TCGA-AB-2996-03"
"LAML(T=173,N=337)",Tumor,49.4593,68.2321,14.4701,28.32,17.8806,31.0895,0.27,85.1706,63.2405,5.4799,7.5701,9.7998,26.8295,22.5294,8.8399,32.7598,633.4986,"TCGA-AB-2806-03"
"LAML(T=173,N=337)",Tumor,39.0395,34.9509,15.1895,25.1806,13.8604,8.6598,0.08,123.7589,24.0496,9.4097,11.6397,0.84,33.0403,21.2904,2.7,36.8109,472.738,"TCGA-AB-2867-03"
"LAML(T=173,N=337)",Tumor,42.2086,46.1088,16.3295,34.151,35.3505,17.1605,0,277.9333,44.1692,11.1399,8.3001,3.12,2.67,37.0413,10.0802,138.1977,1034.1994,"TCGA-AB-2855-03"
"LAML(T=173,N=337)",Tumor,39.2811,50.6388,15.6697,17.4205,11.9098,12.8999,0,123.3222,25.1894,2.01,6.7998,1.24,32.32,33.1298,6,35.7596,679.5321,"TCGA-AB-2828-03"
"LAML(T=173,N=337)",Tumor,81.0411,47.7812,13.8604,30.6189,14.1203,26.7793,1.27,144.6267,31.3209,11.7198,10.0698,0.75,19.9903,17.8905,5.6199,41.0089,520.6237,"TCGA-AB-2975-03"
"LAML(T=173,N=337)",Tumor,69.5886,63.6804,15.6101,33.5202,11.45,30.8298,0.89,130.8426,62.8516,20.0305,8.74,2.13,34.329,25.6101,9.8502,44.0102,361.1354,"TCGA-AB-2882-03"
"LAML(T=173,N=337)",Tumor,51.1716,59.42,20.3003,46.7006,9.9801,32.9603,0.91,78.9015,49.9209,50.2995,10.9698,2.9201,25.9101,20.6795,7.2798,44.7392,393.4936,"TCGA-AB-2944-03"
"LAML(T=173,N=337)",Tumor,75.4883,78.4598,13.4403,17.56,21.9103,15.2803,0.04,125.3214,40.31,1.75,9.5901,1.69,41.7113,34.98,9.0301,67.789,684.923,"TCGA-AB-2954-03"
"LAML(T=173,N=337)",Tumor,57.5592,58.8217,18.9001,18.34,24.7292,28.3809,0.09,83.4988,16.3601,6.3299,7.7399,1.11,61.1413,21.8102,8.74,33.8306,380.3269,"TCGA-AB-2818-03"
"LAML(T=173,N=337)",Tumor,45.7015,51.8105,16.5805,23.7893,15.3005,15.8302,0,85.8582,38.8398,5.8501,6.42,2.9899,30.1493,18.3896,7.9597,28.9893,400.1775,"TCGA-AB-2822-03"
"LAML(T=173,N=337)",Tumor,51.3813,41.5814,14.2897,37.6287,24.0596,12.8802,0.48,111.5067,19.1999,1.95,5.2899,0.54,53.2782,65.6116,7.9399,64.2702,568.5713,"TCGA-AB-2873-03"
"LAML(T=173,N=337)",Tumor,53.5782,45.3009,11.3804,30.12,20.0305,21.7604,1.11,123.7503,48.8088,3.97,2.07,8.1699,28.14,21.2006,9.0702,48.8393,719.1745,"TCGA-AB-2950-03"
"LAML(T=173,N=337)",Tumor,59.3788,40.0093,9.3098,29.7507,21.0104,10.2103,0.47,101.2786,31.3404,20.5595,4.8299,0.78,15.7296,20.0903,8.3301,87.111,794.8276,"TCGA-AB-2952-03"
"LAML(T=173,N=337)",Tumor,63.7511,52.2505,20.6996,36.681,22.8107,35.8092,0.58,107.5964,60.9594,37.1699,11.9098,3.19,33.7299,28.5902,11.3898,44.9911,405.5389,"TCGA-AB-2895-03"
"LAML(T=173,N=337)",Tumor,37.8406,31.0399,7.5199,17.6295,27.5799,14.8398,5.2899,117.4081,20.2497,1.6,3.76,0.9,32.7689,11.9802,3.6399,21.7906,395.8737,"TCGA-AB-2883-03"
"LAML(T=173,N=337)",Tumor,45.3512,49.869,17.0904,17.8905,26.1501,14.5697,0.94,147.4917,15.36,3.93,5.7098,1.35,40.9294,32.039,8.2502,58.7687,532.0424,"TCGA-AB-2948-03"
"LAML(T=173,N=337)",Tumor,89.2997,63.6186,15.7002,25.5499,23.5595,22.5107,0.12,122.3515,51.3991,15.7198,9.0702,2.94,20.45,25.1005,9.4502,55.1188,678.0735,"TCGA-AB-3006-03"
"LAML(T=173,N=337)",Tumor,49.8206,51.5204,13.5404,20.4104,20.0694,15.9403,0.03,121.0105,41.2712,1.22,6.6899,1.54,28.271,21.7604,8.7801,55.7799,684.9704,"TCGA-AB-2889-03"
"LAML(T=173,N=337)",Tumor,56.5116,50.6283,14.6802,16.2697,15.6904,18.1503,0,167.0448,33.4993,1.25,6.4602,1.49,34.8807,27.3591,7.4602,47.5499,611.9193,"TCGA-AB-2815-03"
"LAML(T=173,N=337)",Tumor,63.0916,41.0601,11.4199,26.8202,17.8905,16.5598,2.04,93.7395,36.181,10.9099,12.5002,0.09,26.5096,22,9.2898,50.6213,739.2907,"TCGA-AB-2823-03"
"LAML(T=173,N=337)",Tumor,41.4605,46.08,20.8407,12.4096,15.2201,37.8196,0.02,91.2393,46.8887,15.1003,16.1797,1.73,47.9803,10.2401,3.3801,23.15,383.8227,"TCGA-AB-2955-03"
"LAML(T=173,N=337)",Tumor,78.9289,67.0506,18.9697,29.1202,23.15,34.8807,0.49,135.0443,40.5594,22.8803,13.3697,2.8901,41.981,27.2701,9.0702,57.0983,400.6494,"TCGA-AB-2993-03"
"LAML(T=173,N=337)",Tumor,55.5908,50.5301,12.1298,25.5605,13.8796,25.8706,2.61,139.381,31.8,38.3396,9.9098,3.7501,18.1704,16.97,5.6798,41.1912,649.5054,"TCGA-AB-2904-03"
"LAML(T=173,N=337)",Tumor,56.881,42.2906,13.14,23.9398,26.8202,11.6898,0.63,124.6111,38.0299,22.19,10.8903,1.33,17.9302,15.7002,7.79,51.71,596.9216,"TCGA-AB-2830-03"
"LAML(T=173,N=337)",Tumor,94.1171,46.1791,10.0502,46.1311,12.2702,12.6204,0.05,184.0294,36.2789,15.1202,13.0203,0.84,24.6504,23.5399,5.4202,95.1205,647.4827,"TCGA-AB-3002-03"
"LAML(T=173,N=337)",Tumor,49.7206,62.4304,10.3099,36.4604,16.0201,18.0099,1.01,162.6347,18.8805,12.1399,6.2302,1.71,19.9197,28.4104,11.9902,30.1409,1149.108,"TCGA-AB-2941-03"
"LAML(T=173,N=337)",Tumor,111.7234,39.6696,6.1299,28.7791,29.6601,28.2906,0.09,78.438,16.3703,1.45,3.5699,1.08,8.4798,10.5098,5.7599,58.732,738.9321,"TCGA-AB-2832-03"
"LAML(T=173,N=337)",Tumor,96.0614,27.7506,10.1898,19.5098,34.3409,21.9604,0.04,127.203,32.2193,5.3001,4.6101,0.12,19.2398,20.8797,7.1801,37.3196,350.9194,"TCGA-AB-2872-03"
"LAML(T=173,N=337)",Tumor,41.9403,31.9303,8.0101,16.8096,23.4699,7.6101,0,95.6694,10.4004,2.5101,3.22,0.39,17.9004,12.9303,8.1501,42.9613,658.1615,"TCGA-AB-2969-03"
"LAML(T=173,N=337)",Tumor,209.5562,70.4379,17.6895,30.6402,24.0296,24.19,0.13,286.759,60.7485,13.9704,10.4502,1.6,43.0985,42.2408,11.6203,88.4496,462.8808,"TCGA-AB-3011-03"
"LAML(T=173,N=337)",Tumor,56.0784,56.6488,13.13,18.8596,11.0301,24.6197,0.23,57.751,28.2298,9.6897,11.1099,1.55,19.5301,12.8704,5.63,20.1796,263.3604,"TCGA-AB-2913-03"
"LAML(T=173,N=337)",Tumor,44.5504,45.2193,10.1496,16.1595,20.7197,11.2299,1.48,124.8532,16.3806,4.4201,6.7899,0.49,33.381,37.2292,9.0001,41.0089,588.5812,"TCGA-AB-2813-03"
"LAML(T=173,N=337)",Tumor,47.801,49.3805,23.3806,29.2294,20.3496,16.7097,0.17,145.7235,44.9506,15.8203,15.9802,5.37,26.6404,23.6692,8.4002,36.42,363.7481,"TCGA-AB-2936-03"
"LAML(T=173,N=337)",Tumor,43.1404,82.3321,17.3699,24.2001,14.5103,40.7087,0.78,129.5791,67.5498,55.9697,9.16,3.4001,23.3401,19.6101,13.8796,42.1414,469.8958,"TCGA-AB-2929-03"
"LAML(T=173,N=337)",Tumor,110.2922,27.3306,6.3299,20.4997,22.99,6.9,0,130.8789,20.0194,7.3102,3.41,0.52,13.4804,13.4403,3.61,131.0787,682.9792,"TCGA-AB-2810-03"
"LAML(T=173,N=337)",Tumor,59.1282,58.9686,15.5302,22.8407,25.9605,14.7098,0,147.3997,24.4802,12.5098,6.3299,0.96,43.679,38.4994,9.0702,56.1212,612.471,"TCGA-AB-2836-03"
"LAML(T=173,N=337)",Tumor,44.7113,46.879,12.8901,23.8801,11.1099,22.9105,0.83,42.7712,27.3306,15.31,8.7297,1.14,13.2801,15.5604,10.2999,20.1796,465.0032,"TCGA-AB-2814-03"
"LAML(T=173,N=337)",Tumor,53.5707,50.8217,12.3102,18.1805,25.8008,19.0105,0,122.6317,47.0091,7.6101,7.3,0.97,27.9902,18.08,6.7998,59.239,520.8764,"TCGA-AB-2946-03"
"LAML(T=173,N=337)",Tumor,51.1397,41.7402,13.6204,28.7991,22.0994,18.4996,4.7499,124.957,57.679,13.7503,11.9098,4.5099,62.1196,25.4791,9.4097,54.0294,472.8691,"TCGA-AB-2995-03"
"LAML(T=173,N=337)",Tumor,43.3893,28.9692,13.27,20.7599,14.1095,13.2002,1.39,84.2779,30.2707,8.0001,7.2501,1.56,14.6,19.3602,4.0901,44.0805,544.277,"TCGA-AB-2964-03"
"LAML(T=173,N=337)",Tumor,59.49,60.799,20.8797,25.8599,12.8099,14.9203,0.06,149.5506,20.2301,14.2402,9.6998,1.59,23.9697,21.5802,6.91,47.4708,682.5533,"TCGA-AB-2863-03"
"LAML(T=173,N=337)",Tumor,69.7383,48.3408,12.5497,22.0902,30.1807,20.6895,0.2,143.1208,58.7687,10.2401,8.8799,0.63,20.9101,20.0402,8.3799,59.8208,610.5212,"TCGA-AB-2845-03"
"LAML(T=173,N=337)",Tumor,51.9291,42.2701,5.8399,17.01,43.6911,8.0899,0.4,171.3606,9.8202,2.7299,5.1199,0.75,18.25,11.4397,7.23,73.8989,640.8299,"TCGA-AB-2893-03"
"LAML(T=173,N=337)",Tumor,33.7791,35.6804,13.4701,16.3999,15.8698,14.8295,3.2399,89.4484,21.7107,6.3602,15.6795,3.18,50.2716,19.8302,6.5499,48.2003,474.7081,"TCGA-AB-2933-03"
"LAML(T=173,N=337)",Tumor,32.5809,36.9694,8.0301,15.9802,16.6196,6.4298,1.79,112.0413,14.67,2.14,5.8298,1.8,17.0502,18.7501,4.1599,42.3698,663.4748,"TCGA-AB-2833-03"
"LAML(T=173,N=337)",Tumor,16.9994,13.4898,5.5199,13.4198,11.83,5.7201,0,46.6488,38.0906,3.3801,2.81,1.6,5.87,14.9203,3.0399,30.2204,515.203,"TCGA-AB-2937-03"
"LAML(T=173,N=337)",Tumor,6.3602,2.8801,0.62,1.22,9.6702,0.15,1.4,4.0299,2.2001,0.02,0.2,0,1.17,0.65,1.27,8.4399,65.3891,"GTEX-VJYA-0005-SM-3P5ZD"
"LAML(T=173,N=337)",Tumor,3.22,3.9199,2.1199,0.93,7.6101,0.37,2.8701,3.1999,1.7,0.01,0.54,0.01,3.06,1.17,1.38,5.5799,79.9919,"GTEX-POMQ-0006-SM-5SI7D"
"LAML(T=173,N=337)",Tumor,42.9405,12.5698,2.35,7.7501,41.6708,2.9899,0.57,52.7893,4.1401,0.14,0.69,0.06,2.49,1.11,4.9301,77.2403,490.054,"GTEX-1399Q-0005-SM-5NQAG"
"LAML(T=173,N=337)",Tumor,4.5998,4.23,1.42,1.24,14.1998,0.34,12.4096,1.75,2.98,0.05,0.33,0.01,3.1699,1.1,1.53,10.2799,44.6896,"GTEX-ZPIC-0005-SM-4WWEB"
"LAML(T=173,N=337)",Tumor,6.17,4.1599,2.53,1.9201,21.0104,1.01,10.1398,3.51,3.2799,0.03,0.46,0,3.56,1.36,2.4501,10.7903,89.2317,"GTEX-WHSB-0005-SM-3LK7C"
"LAML(T=173,N=337)",Tumor,11.5897,6.8599,2.67,2.76,9.4903,1.2,6.5499,11.9702,4.4899,0.06,1.55,0.04,7.8998,2.67,3.6399,15.0303,159.2987,"GTEX-POYW-0006-SM-2XCF4"
"LAML(T=173,N=337)",Tumor,19.6305,20.6294,6.1901,7.7501,39.8598,3.5499,14.3502,11.8999,6.9398,0.08,1.88,0.03,14.0597,6.2501,5.7499,32.719,249.2577,"GTEX-RU1J-0006-SM-2TF6M"
"LAML(T=173,N=337)",Tumor,13.7104,8.14,1.84,2.7,10.6499,1.19,1.15,12.8901,4.3499,0.05,0.31,0.03,2.4099,2.11,1.79,20.0694,98.0391,"GTEX-XMD2-0006-SM-4WWEG"
"LAML(T=173,N=337)",Tumor,8.43,7.6699,2.39,2.16,8.4798,1.69,0.75,8.9101,3.7,0.07,0.38,0.03,4.4499,1.76,1.82,8.8399,171.6697,"GTEX-YBZK-0005-SM-59HKG"
"LAML(T=173,N=337)",Tumor,10.27,3.84,0.56,1.27,7.3,0.45,0.53,7.4102,3.48,0.03,0.35,0.02,3.9901,1.43,1.71,15.66,135.5132,"GTEX-Q2AG-0005-SM-5SI7F"
"LAML(T=173,N=337)",Tumor,9.9098,14.46,7.8203,2.96,27.9999,2.98,6.7899,14.2205,5.7899,0.45,1.23,0.05,12.2897,6.1299,3.72,21.4296,184.1953,"GTEX-132AR-0006-SM-5NQ7N"
"LAML(T=173,N=337)",Tumor,1.54,0.95,2.7199,0.54,3.41,0.23,0.4,0.99,0.49,0.01,0.16,0,0.49,0.57,0.51,2.9201,127.9192,"GTEX-13OVK-0006-SM-5O9B7"
"LAML(T=173,N=337)",Tumor,13.4403,11.2299,4.4299,3.5499,38.0194,1.7,26.0307,9.3001,8.3399,0.04,0.89,0.03,12.5098,5.5598,6.17,19.5206,115.1035,"GTEX-X4LF-0006-SM-3NMCO"
"LAML(T=173,N=337)",Tumor,3.97,3.84,1.9201,2.31,16.8797,0.57,8.8799,2.59,3.0199,0.04,0.53,0.01,6.7598,2.34,1.36,6.91,86.0727,"GTEX-OXRL-0005-SM-3LK6A"
"LAML(T=173,N=337)",Tumor,16.0802,16.4602,2.74,3.16,21.3599,2.9201,26.4307,14.8501,10.0802,0.07,1.14,0.03,14.6,7.1102,5.7699,20.9304,108.2323,"GTEX-1497J-0005-SM-5NQBD"
"LAML(T=173,N=337)",Tumor,4.7099,7.4302,4.3201,2.07,18.87,1.01,14.5304,2.78,3.2399,0.05,1,0,5.8501,2.6601,2.35,12.7399,114.3084,"GTEX-Q2AI-0006-SM-2I3FG"
"LAML(T=173,N=337)",Tumor,2.31,1.71,0.56,0.5,9.4502,0.15,4.78,1.51,2.5101,0.02,0.27,0,2.34,1.03,1.02,4.7999,101.5035,"GTEX-P4PP-0005-SM-2HMKX"
"LAML(T=173,N=337)",Tumor,4.4799,3.6701,1.64,2.0599,16.6104,0.76,7.3401,2.52,2.4599,0.04,0.41,0.01,3.4299,1.07,2.54,7.8599,60.6896,"GTEX-XBED-0006-SM-47JXO"
"LAML(T=173,N=337)",Tumor,1.58,1.53,0.5,0.7,6.08,0.12,3.8601,0.85,1.55,0,0.15,0,1.81,0.63,0.66,3.16,46.0098,"GTEX-13OVG-0005-SM-5P9HA"
"LAML(T=173,N=337)",Tumor,12.4303,1.8,0.19,1.62,10.1398,0.17,0.02,3.52,1.14,0.04,0.06,0,0.5,0.56,2.07,11.6098,195.5092,"GTEX-11EQ8-0006-SM-5P9HJ"
"LAML(T=173,N=337)",Tumor,1.88,1.32,0.21,0.39,1.13,0.09,0.11,2.02,0.93,0.01,0.04,0,0.89,0.33,0.28,3.7399,93.9216,"GTEX-131XH-0006-SM-5O98V"
"LAML(T=173,N=337)",Tumor,2.19,2.21,1,0.9,1.6601,0.33,0.63,3.34,1.63,0.01,0.1,0.01,2.42,0.73,0.44,5.0201,109.3483,"GTEX-14BIL-0006-SM-5N9F2"
"LAML(T=173,N=337)",Tumor,0.33,0.15,0.6,0.18,1.53,0.74,0.65,1.32,0.3,0,0,0,0.74,0.19,0.21,0.66,47.8607,"GTEX-NPJ8-0007-SM-26GMF"
"LAML(T=173,N=337)",Tumor,4.3399,4.8801,3.1399,1.73,14.4801,0.76,8.1801,2.7501,4.3499,0.04,0.9,0,9.6301,2.29,2.5,6.03,97.5172,"GTEX-11DXX-0005-SM-5NQ8B"
"LAML(T=173,N=337)",Tumor,4.6799,1.42,1.41,0.99,11.2003,0.38,1.58,3.68,3.12,0.04,0.16,0,4.0101,0.82,0.72,10.3701,138.1306,"GTEX-11O72-0006-SM-5O9DB"
"LAML(T=173,N=337)",Tumor,7.5402,5.47,2.04,3.39,6.6101,0.58,4.4601,5.32,5.1602,0.05,0.14,0.01,9.9297,2.07,1.99,14.7496,153.9898,"GTEX-ZVT4-0006-SM-57WB8"
"LAML(T=173,N=337)",Tumor,5.4499,2.91,1.32,1.31,13.6696,0.55,4.2701,2.4099,1.91,0.01,0.37,0.01,2.6801,1.31,1.14,8.1597,167.9737,"GTEX-OHPM-0006-SM-2HMKU"
"LAML(T=173,N=337)",Tumor,7.4798,9.16,1.45,2.1701,17.5904,0.92,6.2,4.7299,3.68,0.03,0.54,0.01,5.5298,2.21,1.84,9.8598,90.208,"GTEX-ZXES-0005-SM-57WCB"
"LAML(T=173,N=337)",Tumor,2.8501,4.9699,4.3898,1.85,14.1301,0.36,15.6004,0.96,3.3,0.04,0.75,0,11.52,4.78,1.64,7.6001,112.4615,"GTEX-P4PQ-0005-SM-2HMKJ"
"LAML(T=173,N=337)",Tumor,3.4701,7.3,5.2599,2.27,13.2497,1.17,18.1302,2.36,5.2199,0.04,0.88,0.01,15.4304,3.95,2,9.8598,86.2219,"GTEX-1211K-0006-SM-5MR53"
"LAML(T=173,N=337)",Tumor,3.4299,3.2399,1.17,1.22,5.8399,1.1,1.86,4.69,1.61,0.05,0.19,0.02,3.07,1.33,0.82,6.7201,149.6129,"GTEX-14A5I-0005-SM-5N9FU"
"LAML(T=173,N=337)",Tumor,5.5699,4.24,0.83,1.78,18.4701,1.62,0.59,5.3999,2.8801,0.05,0.35,0,3.4701,1.14,1.43,25.4403,201.159,"GTEX-P44G-0006-SM-2TC6A"
"LAML(T=173,N=337)",Tumor,17.5794,9.0501,2.61,4.4899,20.6194,1.56,5.9801,24.1498,6.2,0.34,0.88,0.1,7.47,3.9601,4.6101,57.8793,322.1068,"GTEX-QDVJ-0005-SM-2TC5X"
"LAML(T=173,N=337)",Tumor,2.9999,1.75,2.31,1.49,8.7297,0.42,7.3799,1.16,1.74,0.08,0.65,0,5.41,1.75,1.31,4.6399,79.6102,"GTEX-T6MO-0006-SM-32QOU"
"LAML(T=173,N=337)",Tumor,4.9999,2.5699,0.93,1.03,4.5099,0.53,0.99,6.3801,2.7199,0.11,0.53,0.01,2.98,0.82,0.94,13.14,88.272,"GTEX-11UD2-0005-SM-5NQ9B"
"LAML(T=173,N=337)",Tumor,10.2999,6.7598,1.55,2.54,24.5107,0.9,2.9699,7.9901,5.37,0.08,0.64,0.01,5.3999,2.2801,2.81,18.3502,173.9455,"GTEX-TMZS-0006-SM-3DB8G"
"LAML(T=173,N=337)",Tumor,9.8202,9.4397,3.2399,2.6601,28.1205,1.51,1.83,7.6497,3.0999,0.16,0.72,0.02,3.15,1.35,2.84,17.7398,136.7208,"GTEX-X88G-0006-SM-47JX5"
"LAML(T=173,N=337)",Tumor,5.1199,3.0099,0.53,1.06,6.4499,0.62,0.83,7.1801,3.16,0.02,0.19,0.01,4.5998,1.11,0.61,12.6704,166.3054,"GTEX-11GSP-0006-SM-5N9EL"
"LAML(T=173,N=337)",Tumor,4.3399,5.99,2.48,2.5799,12.2303,0.92,11.7003,4.74,4.4799,0.05,0.61,0.01,9.7998,3.59,1.7,9.1201,211.717,"GTEX-14DAR-0006-SM-5N9GC"
"LAML(T=173,N=337)",Tumor,13.4599,9.2898,0.69,1.6601,8.1,1.09,1.2,13.4701,5.7699,0.08,0.52,0.03,6.4298,1.73,1.65,19.5003,158.5167,"GTEX-Y111-0006-SM-4SOIO"
"LAML(T=173,N=337)",Tumor,0.43,0.43,0.2,0.03,1.06,0.02,0.24,0.37,0.3,0,0.02,0.01,0.32,0.18,0.18,2.09,21.0994,"GTEX-QMR6-0005-SM-32PKY"
"LAML(T=173,N=337)",Tumor,12.2396,8.7497,0.92,2.22,16.1505,1.18,0.54,9.0201,3.05,0.02,0.31,0.02,1.03,0.65,2.5501,15.2602,105.0321,"GTEX-X638-0005-SM-47JX6"
"LAML(T=173,N=337)",Tumor,3.71,2.93,0.84,0.92,5.8501,0.38,0.8,6.1602,1.47,0.05,0.05,0.01,1.63,0.96,1.15,6.4602,131.9995,"GTEX-1314G-0005-SM-5NQ9O"
"LAML(T=173,N=337)",Tumor,11.9296,6.4701,2.3999,4.47,15.9503,1.08,3.7399,17.2894,5.2701,0.15,0.97,0.07,9.0201,3.6301,3.4899,35.099,258.4237,"GTEX-N7MT-0007-SM-3GACQ"
"LAML(T=173,N=337)",Tumor,4.5299,3.9601,1.06,0.99,8.1,1.08,0.24,8.42,1.9201,0.1,0.31,0.03,1.17,0.6,0.86,8.64,133.3699,"GTEX-12584-0005-SM-5N9GM"
"LAML(T=173,N=337)",Tumor,8.0301,6.03,0.44,2.19,4.3499,0.55,0.36,11.8999,3.26,0.08,0.22,0.02,2.71,1.28,1.21,12.0803,166.825,"GTEX-N7MS-0007-SM-2D7W1"
"LAML(T=173,N=337)",Tumor,5.2101,5.8201,2.76,2.0599,16.69,1.4,7.22,5.2101,3.5499,0.12,0.94,0.02,5.3902,1.7199,2.36,13.3096,130.1191,"GTEX-Y3IK-0005-SM-4WWDE"
"LAML(T=173,N=337)",Tumor,29.9701,20.9,3.95,6.6802,19.2799,4.8199,1.31,40.1093,9.5199,0.19,2.23,0.15,14.8203,3.2399,3.6599,32.1702,281.5788,"GTEX-WRHU-0006-SM-3MJF6"
"LAML(T=173,N=337)",Tumor,10.2501,6.5399,1.71,2.54,32.2797,1.73,0.6,7.13,3.52,0.15,0.46,0.01,1.6,1.26,2.6801,15.7002,168.9546,"GTEX-R53T-0005-SM-3GADK"
"LAML(T=173,N=337)",Tumor,10.7002,5.4499,1.16,1.61,8.5601,0.64,0.25,10.6403,4.3701,0.09,0.34,0.06,1.54,0.93,0.81,19.3495,131.9355,"GTEX-12126-0006-SM-5O9B8"
"LAML(T=173,N=337)",Tumor,2.56,1.59,0.75,0.69,9.6501,0.11,3.1699,1.08,1.29,0.01,0.16,0,1.27,0.62,1.31,5.37,39.6586,"GTEX-PWCY-0005-SM-2I3E2"
"LAML(T=173,N=337)",Tumor,0.84,0.82,1.01,0.28,2.29,0.12,1.82,0.51,0.67,0.01,0.13,0,1.39,0.4,0.4,2.07,41.6506,"GTEX-13CF3-0006-SM-5N9ED"
"LAML(T=173,N=337)",Tumor,3.0901,1.08,0.23,0.7,6.5499,0.22,0.32,1.74,0.9,0.02,0.21,0,0.24,0.18,0.53,3.69,116.2662,"GTEX-PW2O-0006-SM-2I3DV"
"LAML(T=173,N=337)",Tumor,10.8601,11.6397,2.8901,3.65,25.6902,1.33,19.3107,10.5697,6.0699,0.11,0.9,0.03,9.2301,3.7,3.5801,20.7801,145.8751,"GTEX-13FTW-0005-SM-5LZVZ"
"LAML(T=173,N=337)",Tumor,2.27,2.22,1.94,0.52,11.8398,0.64,10.0802,1.4,2.6601,0.04,0.79,0.01,6.2099,1.74,2.23,2.5799,108.5102,"GTEX-PLZ6-0006-SM-33HBZ"
"LAML(T=173,N=337)",Tumor,3.5301,3.8101,1.71,1.25,9.0401,0.37,4.9202,2.49,2.11,0.03,0.36,0,3.18,0.99,0.95,5.8201,70.918,"GTEX-11ZTT-0006-SM-5N9FX"
"LAML(T=173,N=337)",Tumor,3.8999,2.9999,1.41,1.19,17.8496,0.24,2.6499,1.9299,2.09,0.03,0.77,0,3.4299,1.41,1.91,8.2897,63.7511,"GTEX-ZLV1-0005-SM-4WWAP"
"LAML(T=173,N=337)",Tumor,10.43,14.67,2.6601,3.45,19.8096,1.25,12.9402,6.7001,3.4899,0.09,1.21,0.01,10.0002,3.25,4.1799,21.2506,184.6555,"GTEX-ZVP2-0005-SM-51MRK"
"LAML(T=173,N=337)",Tumor,9.4903,5.9801,1.49,2.16,10.1701,0.78,3.6599,9.4699,5.32,0.03,0.38,0,8.4002,1.65,1.63,12.26,115.7034,"GTEX-132NY-0005-SM-5O9AC"
"LAML(T=173,N=337)",Tumor,5.47,3.84,2.76,1.2,11.2697,1.61,4.1999,3.3801,2.34,0.04,0.46,0.01,2.76,0.92,2.07,9.7598,132.5313,"GTEX-TMKS-0005-SM-33OV7"
"LAML(T=173,N=337)",Tumor,1.62,0.6,1.56,0.37,3.95,0.17,0.67,2.77,0.46,0.03,0.13,0,0.88,0.41,0.35,3.9601,54.9281,"GTEX-R45C-0006-SM-3GAD6"
"LAML(T=173,N=337)",Tumor,2.34,4.7499,2.7299,1.13,12.1702,1.06,8.7898,1.5,2.15,0.01,0.62,0,4.8099,1.31,1.87,8.0101,54.7305,"GTEX-XPT6-0006-SM-4B66Q"
"LAML(T=173,N=337)",Tumor,14.9503,6.27,2.16,2.5,11.4397,1.9001,5.1299,9.8202,4.3399,0.07,0.36,0.05,6.34,3.15,2.4599,16.53,252.9651,"GTEX-139D8-0006-SM-5LZX8"
"LAML(T=173,N=337)",Tumor,5.7499,3.8101,0.72,0.98,5.4601,0.78,0.91,7.0002,2.34,0.05,0.21,0.01,4.24,1.08,0.58,8.72,133.7031,"GTEX-WVLH-0006-SM-3MJF7"
"LAML(T=173,N=337)",Tumor,7.68,3.5401,0.83,1.47,20.1796,0.79,6.08,3.5801,2.79,0.03,0.27,0.01,2.07,1.46,1.54,11.0699,67.0878,"GTEX-XGQ4-0005-SM-4AT5U"
"LAML(T=173,N=337)",Tumor,7.7501,6.34,2.64,2.01,21.2594,0.6,2.48,6.1602,2.3999,0.05,0.4,0.02,1.58,1.15,3.36,15.9901,180.2046,"GTEX-PLZ5-0006-SM-5S2W5"
"LAML(T=173,N=337)",Tumor,4.04,6.7402,2.7299,1.85,9.3999,0.68,14.88,3.4701,3.93,0.05,0.75,0.01,13.3197,3.0399,2.1199,9.0602,57.679,"GTEX-ZF29-0006-SM-4WKGQ"
"LAML(T=173,N=337)",Tumor,5.1199,1.51,0.66,0.92,10.7299,0.08,1.97,1.05,1.63,0.01,0.24,0,1.14,0.63,0.88,6.03,47.461,"GTEX-S341-0006-SM-3NM8D"
"LAML(T=173,N=337)",Tumor,31.8397,27.5207,2.95,5.7201,19.4194,5.1502,1.13,39.2512,12.4803,0.26,1.34,0.14,8.9801,3.8999,5.3999,40.5988,234.2157,"GTEX-14DAQ-0005-SM-5NQ7B"
"LAML(T=173,N=337)",Tumor,5.7499,4.2701,3.22,1.57,18.6904,0.79,3.18,6.7701,1.78,0.03,0.36,0.01,2.2601,2.3299,1.46,10.2302,142.8037,"GTEX-13FTX-0005-SM-5N9F6"
"LAML(T=173,N=337)",Tumor,16.7306,10.4401,1.99,3.61,18.1906,1.8899,3.0099,14.2996,5.8802,0.04,0.84,0.07,6.03,2.3299,3.39,31.2992,145.1489,"GTEX-Y8E4-0006-SM-4V6EW"
"LAML(T=173,N=337)",Tumor,13.3197,11.8801,0.3,4.1999,9.8202,3.36,0.77,32.9306,6.0401,0.17,0.99,0.05,4.84,2.3001,0.53,14.7496,191.9508,"GTEX-14ABY-0005-SM-5O99U"
"LAML(T=173,N=337)",Tumor,6.96,3.8601,1.14,1.07,11.5296,0.75,7.2401,2.59,3.95,0.01,0.33,0.01,2.5,1.3,1.3,10.5902,101.3207,"GTEX-OHPK-0006-SM-2HMKH"
"LAML(T=173,N=337)",Tumor,9.0301,5.6901,0.83,2.03,6.0901,0.8,0.63,13.27,4.69,0.13,0.26,0.02,4.19,1.82,0.96,15.9503,160.4957,"GTEX-ZVTK-0006-SM-57WBK"
"LAML(T=173,N=337)",Tumor,7.6402,8.7297,5.1398,3.2799,18.3502,1.8899,11.8202,7.8501,7.83,0.08,1.6601,0.02,20.7902,6.1602,3.7,14.7302,141.0038,"GTEX-12WSN-0006-SM-5NQAP"
"LAML(T=173,N=337)",Tumor,14.42,6.9798,1.97,2.19,15.3802,0.38,2.3299,6.99,4.77,0.07,0.64,0,3.6599,1.55,2.49,11.8202,98.4613,"GTEX-TKQ2-0006-SM-33HBH"
"LAML(T=173,N=337)",Tumor,6.84,5.08,1.8,1.65,16.1797,0.97,1.42,10.06,2,0.07,0.35,0.02,3.8101,1.13,1.96,14.0403,117.7667,"GTEX-WYBS-0005-SM-4ONDR"
"LAML(T=173,N=337)",Tumor,29.6601,26.2901,3.35,7.0401,22.52,1.94,9.0101,35.26,11.8801,0.3,1.43,0.03,22.8407,7.0201,4.47,52.1492,261.7588,"GTEX-11TUW-0006-SM-5LZW2"
"LAML(T=173,N=337)",Tumor,23.1403,18.1201,3.7801,4.3499,19.1003,2.8701,2.0599,46.1088,8.0001,0.15,1.3,0.1,7.0699,2.8901,3.62,57.0785,326.8298,"GTEX-11ILO-0006-SM-5LZWE"
"LAML(T=173,N=337)",Tumor,13.1199,9.9801,1.82,2.48,16.8598,1.41,5.2701,24.9703,8.5199,0.17,1.1,0.02,9.0501,3.4001,1.38,33.2794,199.106,"GTEX-14E6C-0005-SM-5O98N"
"LAML(T=173,N=337)",Tumor,32.8508,26.7403,2.9201,3.8201,24.2001,3.68,0.9,42.2613,12.4303,0.26,1.2,0.14,7.7302,3.5401,2.6001,39.4093,210.1234,"GTEX-14BIN-0005-SM-5N9FE"
"LAML(T=173,N=337)",Tumor,1.91,1.77,2.15,0.75,6.3699,0.32,1.85,1.09,0.91,0.03,0.22,0,1.18,0.6,0.96,4.4799,51.6491,"GTEX-11EQ9-0006-SM-5LUB6"
"LAML(T=173,N=337)",Tumor,16.0902,8.6802,1.36,3.8201,12.7399,1.94,0.57,24.0796,7.22,0.19,0.67,0.03,7.47,2.09,2.5101,30.7999,263.6709,"GTEX-WK11-0006-SM-3NB3J"
"LAML(T=173,N=337)",Tumor,1.05,0.69,0.64,0.36,3.2099,0.1,0.45,0.77,0.49,0.01,0.06,0,0.7,0.22,0.32,2.4501,78.5795,"GTEX-ZC5H-0005-SM-4WAXM"
"LAML(T=173,N=337)",Tumor,2.07,1.33,0.78,0.51,2.31,0.18,0.93,2.3801,0.52,0.02,0.05,0,0.61,0.41,0.47,4.5299,30.6189,"GTEX-WOFL-0006-SM-3TW8K"
"LAML(T=173,N=337)",Tumor,0.69,0.28,0.44,0.39,7.2501,0.09,0.42,0.37,0.32,0.01,0.05,0,0.21,0.21,0.32,1.9201,122.9381,"GTEX-P4QS-0005-SM-2I3EY"
"LAML(T=173,N=337)",Tumor,8.1801,9.7801,2.42,2.59,11.3701,1.85,8.3601,11.45,4.74,0.19,1.35,0.09,11.3002,2.1,1.71,14.26,201.7315,"GTEX-REY6-0005-SM-2TF54"
"LAML(T=173,N=337)",Tumor,13.87,9.0602,3.4299,2.2801,9.5503,3.15,6.03,16.0701,4.4899,0.05,0.45,0.07,21.7303,7.0699,1.95,19.7904,194.9408,"GTEX-12WSH-0005-SM-5NQ9P"
"LAML(T=173,N=337)",Tumor,62.7906,23.1195,3.26,5.8,25.2103,5.8,0.93,67.4983,12.5497,0.23,1.45,0.18,7.8501,3.69,4.9001,56.6214,373.327,"GTEX-11NV4-0005-SM-5N9EX"
"LAML(T=173,N=337)",Tumor,7.7802,2.54,0.93,1.36,5.8598,0.5,0.81,3.7801,1.96,0.01,0.26,0.01,3.95,1.32,1.91,9.9297,130.5618,"GTEX-13CIG-0006-SM-5P9HF"
"LAML(T=173,N=337)",Tumor,22.8407,34.5606,7.8203,3.0901,33.3602,2.11,20.4401,22.2994,14.8996,0.1,1.95,0.04,25.7597,7.44,6.5002,24.2606,217.0966,"GTEX-PWN1-0006-SM-2S1NG"
"LAML(T=173,N=337)",Tumor,0.54,0.26,0.42,0.11,0.37,0.11,0.19,0.7,0.15,0,0.01,0,0.35,0.1,0.2,0.99,60.0493,"GTEX-1192X-0005-SM-5NQC3"
"LAML(T=173,N=337)",Tumor,6.64,2.49,0.24,1.07,5.4299,0.29,0.28,6.6802,2.29,0.01,0.07,0.03,2.07,0.63,0.84,11.6598,110.2005,"GTEX-139TT-0006-SM-5O9CG"
"LAML(T=173,N=337)",Tumor,2.52,2.02,1.27,0.54,3.3101,0.3,2.86,3.2099,1.13,0.01,0.09,0.01,5.1398,1.47,0.54,3.7,41.3199,"GTEX-ZVE2-0006-SM-51MRW"
"LAML(T=173,N=337)",Tumor,11.1399,7.3702,1.6601,3.5801,15.6198,1.84,1.45,17.6405,5.99,0.18,0.72,0.05,6.7299,2.19,2.3299,20.8104,152.8837,"GTEX-ZDXO-0006-SM-4WKGF"
"LAML(T=173,N=337)",Tumor,3.52,2.9999,2.44,1.01,17.4,0.3,12.0301,1.91,2.86,0.04,0.26,0,3.8499,1.09,2.8901,6.8201,114.348,"GTEX-Y9LG-0006-SM-4VBRK"
"LAML(T=173,N=337)",Tumor,4.17,7.3702,4.1501,1.98,9.0401,0.87,7.7802,3.12,2.44,0.06,1,0,8.4798,2.6801,2.13,9.6702,128.934,"GTEX-139T6-0006-SM-5LU92"
"LAML(T=173,N=337)",Tumor,15.6198,14.8501,3.6701,5.47,16.5701,2.15,24.2606,13.2204,8.3301,0.04,0.75,0.05,28.6398,5.8298,4.9999,23.5808,167.3693,"GTEX-XUW1-0005-SM-4BOQ7"
"LAML(T=173,N=337)",Tumor,4.4799,2.1,0.77,0.92,11.54,0.19,3.25,1.45,1.9001,0.01,0.27,0,1.27,0.54,1.18,5.4401,34.9897,"GTEX-WFON-0005-SM-3NMC9"
"LAML(T=173,N=337)",Tumor,5.1398,1.73,0.35,0.66,5.7599,0.26,0.04,4.19,1.32,0.01,0.05,0.01,0.42,0.46,0.56,7.3299,85.1529,"GTEX-Y8DK-0005-SM-4RGNR"
"LAML(T=173,N=337)",Tumor,7.0802,1.98,0.48,0.64,2.64,0.23,0.14,3.51,1.21,0.03,0.11,0.02,1.08,0.67,0.38,5.1502,128.7821,"GTEX-12WSI-0005-SM-5O99K"
"LAML(T=173,N=337)",Tumor,5.3801,2.04,0.33,1.21,5.0898,0.23,0.89,5.2899,1.46,0.04,0.14,0.01,1.99,0.7,0.76,7.93,67.4983,"GTEX-XOTO-0006-SM-4B64T"
"LAML(T=173,N=337)",Tumor,3.8299,0.98,0.19,0.44,1.95,0.23,0.06,3.5499,0.77,0.01,0.02,0,0.28,0.48,0.25,5.1502,68.7877,"GTEX-11PRG-0005-SM-5NQ6X"
"LAML(T=173,N=337)",Tumor,8.43,5.8,2.62,2.47,24.7,0.64,10.8001,5.5,4.07,0.02,1.28,0.01,8.5702,3.5499,3.6399,12.15,118.0037,"GTEX-ZVZP-0006-SM-51MSW"
"LAML(T=173,N=337)",Tumor,10.7799,7.4102,2.05,1.61,31.7802,0.91,21.4995,6.01,6.5699,0.03,1.17,0,6.0699,2.77,2.93,11.9404,69.319,"GTEX-14B4R-0006-SM-5O9A7"
"LAML(T=173,N=337)",Tumor,3.08,1.71,0.71,2.19,2.4099,0.27,0.31,3.26,1.87,0.01,0.08,0,3.2399,0.75,1.21,5.7098,118.1182,"GTEX-113JC-0006-SM-5O997"
"LAML(T=173,N=337)",Tumor,4.8099,3.2899,1.02,1,3.4899,0.67,4.3201,5.08,1.7,0.09,0.06,0.01,4.4601,1.8,0.83,7.3102,78.6995,"GTEX-RVPU-0005-SM-2TF6L"
"LAML(T=173,N=337)",Tumor,8.2599,5.1199,1.35,1.83,4.77,0.97,0.47,14.7803,2.78,0.03,0.46,0.04,4.3099,1.11,1.28,12.5002,103.3422,"GTEX-11DXY-0006-SM-5NQ8N"
"LAML(T=173,N=337)",Tumor,5.87,2.48,1.25,1.44,5.0201,0.58,6.9,4.3201,3.6399,0.01,0.27,0,9.9697,2.67,2.02,7.2798,141.1994,"GTEX-R55F-0005-SM-2TF4W"
"LAML(T=173,N=337)",Tumor,7.6201,6.8799,2.05,2.4099,12.71,1.24,1.86,7.6001,4.0599,0.06,0.44,0.03,3.5001,1.85,2.04,13.4898,153.8191,"GTEX-11DXZ-0006-SM-5LZZH"
"LAML(T=173,N=337)",Tumor,4.8501,2.79,2.27,1.6,6.4701,0.6,3.69,4.5998,2,0.01,0.23,0.01,4.24,1.68,1.13,5.9198,75.0813,"GTEX-ZF28-0005-SM-4WKH3"
"LAML(T=173,N=337)",Tumor,10.7098,6.7099,1.76,2.79,23.4699,0.69,8.43,4.72,5.19,0.03,0.7,0,5.8101,2.27,2.91,12.4899,106.7718,"GTEX-13VXT-0005-SM-5N9F3"
"LAML(T=173,N=337)",Tumor,3.3701,3.7501,2.1701,0.89,6.29,0.58,2.48,2.49,1.74,0.07,0.68,0.02,3.06,1.2,1.27,6.8102,84.6526,"GTEX-POMQ-0006-SM-33HBY"
"LAML(T=173,N=337)",Tumor,0.86,0.65,0.7,0.24,1.61,0.11,1.12,0.62,0.52,0.01,0.21,0.01,1.31,0.46,0.31,1.7,73.5514,"GTEX-XQ8I-0006-SM-4BOQ5"
"LAML(T=173,N=337)",Tumor,2.1,1.79,0.44,0.76,1.69,0.44,0.19,6.3699,1.39,0.03,0.2,0.02,1,0.72,0.29,2.2399,76.6908,"GTEX-N7MS-0007-SM-26GME"
"LAML(T=173,N=337)",Tumor,5.1502,8.0798,8.6203,2.6499,1.18,1.52,0.58,17.4604,3.5001,0.03,2.19,0.18,22.0107,5.4202,0.52,2.53,161.2652,"GTEX-N7MS-0007-SM-26GMV"
"LAML(T=173,N=337)",Tumor,8.7001,8.4898,3.45,2.71,42.8513,0.79,20.8205,6.26,6.4,0.06,1.29,0.01,8.4698,4.5099,4.19,13.0601,88.9414,"GTEX-QCQG-0006-SM-5SI8M"
"LAML(T=173,N=337)",Tumor,18.5304,8.9101,1.81,3.71,16.7097,3.5001,1.79,29.8705,7.4199,0.17,1.08,0.1,10.34,2.4299,2.7,25.6403,306.4898,"GTEX-14E6D-0005-SM-5N9D7"
"LAML(T=173,N=337)",Tumor,24.5396,7.3902,1.4,3.4701,17.8694,0.9,0.5,18.5394,6.6101,0.17,0.66,0.04,3.3701,3.5499,1.96,24.0096,180.2921,"GTEX-RNOR-0005-SM-2TF4Z"
"LAML(T=173,N=337)",Tumor,2.5,2.22,1.14,0.84,7.77,0.32,3.3701,1.81,1.6,0.03,0.21,0.01,1.9299,0.79,1.44,5.5799,65.4118,"GTEX-12C56-0006-SM-5N9E9"
"LAML(T=173,N=337)",Tumor,3.8799,3.62,1.55,1.13,3.8499,0.65,0.56,4.3801,1.96,0.03,0.28,0.02,3.8201,1.1,1.37,6.4401,75.3576,"GTEX-Y5V5-0006-SM-4V6FE"
"LAML(T=173,N=337)",Tumor,32.311,29.8498,2.6899,6.3001,18.3794,3.22,0.95,44.5011,10.1602,0.19,1.37,0.17,8.54,3.3,3.8799,32.43,260.5641,"GTEX-Z93S-0005-SM-4RGLW"
"LAML(T=173,N=337)",Tumor,8.0697,4.1799,1.69,1.25,8.43,0.68,1.99,6.9702,2.82,0.03,0.44,0.01,2.93,0.9,1.33,10.8203,97.4091,"GTEX-12WSG-0005-SM-5NQA2"
"LAML(T=173,N=337)",Tumor,12.7904,14.3303,3.34,6.01,14.5495,2.11,8.4499,13.5704,6.84,0.12,1.02,0.05,10.0998,3.9601,4.5501,31.5497,219.3048,"GTEX-ZDYS-0002-SM-4WKGR"
"LAML(T=173,N=337)",Tumor,2.04,2.61,10.0802,1.01,1.97,2.0599,6.26,4.41,2.4099,0.07,1.52,0.05,42.4286,7.2501,1.19,1.14,180.6423,"GTEX-NPJ8-0007-SM-26GMW"
"LAML(T=173,N=337)",Tumor,4.1999,3.32,0.8,0.81,4.4499,0.34,0.6,4.1999,1.68,0.02,0.2,0.01,2.36,0.64,0.98,7.7399,111.4372,"GTEX-XBEC-0006-SM-4AT5T"
"LAML(T=173,N=337)",Tumor,5.04,1.15,0.22,0.91,7.51,0.37,0.14,3.3701,1.39,0.01,0.11,0,0.82,0.5,0.64,8.1101,81.3281,"GTEX-117XS-0005-SM-5PNU6"
"LAML(T=173,N=337)",Tumor,5.2101,2.1701,1.23,1.08,30.3106,0.27,4.11,2.18,3.56,0,0.43,0,1.83,1.32,2.77,7.0499,59.2308,"GTEX-ZG7Y-0006-SM-4WWEA"
"LAML(T=173,N=337)",Tumor,8.2199,6.6598,1.78,2.5501,15.5399,1.15,3.0199,12.6003,5.1299,0.13,0.34,0.03,8.3301,2.62,1.46,16.2201,119.3114,"GTEX-13S7M-0005-SM-5NQ76"
"LAML(T=173,N=337)",Tumor,14.77,11.8604,2.3299,2.49,21.8996,2.77,10.3903,13.1099,6.3299,0.15,1.26,0.07,8.1801,2.77,3.25,14.42,207.9068,"GTEX-14ICL-0006-SM-5SIAB"
"LAML(T=173,N=337)",Tumor,9.1099,6.9499,1.33,2.19,19.8495,0.55,1.63,5.23,3.5499,0.01,0.31,0,2.5501,1.25,1.69,13.0402,119.9582,"GTEX-TML8-0005-SM-32QPA"
"LAML(T=173,N=337)",Tumor,23.4699,7.2501,2.03,3.5499,28.859,1.51,3.8201,6.01,4.6699,0.03,0.52,0.06,4.6399,1.11,3.9901,25.6208,256.5852,"GTEX-NPJ7-0006-SM-3GACR"
"LAML(T=173,N=337)",Tumor,4.24,5.11,1.74,2.01,27.5494,0.97,2.01,6.96,2.56,0.17,0.65,0.01,2.4599,1.29,1.76,13.8796,122.0889,"GTEX-ZTPG-0006-SM-4YCFG"
"LAML(T=173,N=337)",Tumor,8.1,4.12,0.9,1.58,6.9302,0.62,0.25,9.5503,3.7901,0.04,0.17,0.02,2.3299,0.84,1.37,15.0199,146.3917,"GTEX-RU72-0006-SM-2TF65"
"LAML(T=173,N=337)",Tumor,2.6899,5.5598,3.23,1.14,10.5902,0.69,5.32,2.61,2.82,0.04,1.26,0.01,11.33,3.35,2.35,8.0798,136.4463,"GTEX-132QS-0005-SM-5LZXK"
"LAML(T=173,N=337)",Tumor,9.7801,10.3802,2.4299,2.6899,15.1695,1.33,8.5702,6.28,5.3101,0.03,0.55,0,7.7399,2.11,3.2699,9.6897,117.3267,"GTEX-W5WG-0006-SM-3GIJT"
"LAML(T=173,N=337)",Tumor,10.7799,15.4304,3.39,3.25,13.0501,2.93,5.8899,19.8797,7.0099,0.32,1.97,0.08,14.41,4.3001,2.3299,28.4006,286.0245,"GTEX-13U4I-0006-SM-5N9CI"
"LAML(T=173,N=337)",Tumor,13.0203,15.3302,6.1201,5.25,28.0893,2.3001,10.5302,9.6201,6.5699,0.09,2.62,0.02,12.8499,4.8801,6.6299,32.6306,203.3037,"GTEX-U4B1-0006-SM-3DB8E"
"LAML(T=173,N=337)",Tumor,10.4004,3.7301,0.59,1.52,9.1899,0.61,0.27,12.1702,3.36,0.08,0.08,0.01,1.82,0.96,0.93,12.8303,107.5293,"GTEX-11ZTS-0005-SM-5NQ8A"
"LAML(T=173,N=337)",Tumor,31.6505,20.8595,2.11,3.7399,16.3999,5.8802,0.43,28.9994,7.51,0.2,1.16,0.03,1.81,1.29,3.6399,10.4004,197.7032,"GTEX-11WQK-0005-SM-5O9AV"
"LAML(T=173,N=337)",Tumor,7.3299,11.2198,3.6,4.2799,21.7906,1.53,25.8706,4.4799,7.2401,0.07,1.6,0.01,19.5301,5.5298,4.2799,15.1401,104.872,"GTEX-13W3W-0005-SM-5SI9Y"
"LAML(T=173,N=337)",Tumor,10.0099,14.67,3.62,3.4899,21.6596,1.34,12.71,4.8801,8.8301,0,4.11,0.02,16.4705,7.5199,2.67,14.77,214.5832,"GTEX-RM2N-0006-SM-2TF5H"
"LAML(T=173,N=337)",Tumor,2.3001,0.87,0.8,0.7,3.8001,0.18,0.53,1.78,1.37,0.03,0.05,0,0.83,0.6,0.3,5.8899,54.7116,"GTEX-11EMC-0006-SM-5O9DN"
"LAML(T=173,N=337)",Tumor,21.9194,12.4397,2.56,7.5801,25.1894,2.3299,23.3595,19.8797,8.28,0.28,3.03,0.02,14.67,3.9099,14.4701,51.2497,304.5204,"GTEX-OIZI-0005-SM-2XCED"
"LAML(T=173,N=337)",Tumor,17.0502,12.7399,1.17,4.3099,14.5798,1.31,0.33,22.9996,6.17,0.12,0.85,0.12,4.78,1.88,3.9199,43.6003,243.2834,"GTEX-R55E-0006-SM-2TC5G"
"LAML(T=173,N=337)",Tumor,7.3999,5.1602,2.15,1.6601,8.0201,1.47,5.3902,10.2799,3.46,0.1,0.8,0.04,7.2401,1.91,1.43,9.81,125.8436,"GTEX-X4XY-0006-SM-46MV2"
"LAML(T=173,N=337)",Tumor,14.5596,7.9399,2.4501,2.53,11.3804,1.5,8.4698,12.2897,5.99,0.1,0.55,0.11,10.1496,2.4599,4.29,20.2806,187.4409,"GTEX-R55D-0006-SM-3GIJS"
"LAML(T=173,N=337)",Tumor,4.5602,4.94,3.72,2.2501,19.4194,1.32,11.6801,2.96,6.0699,0.09,0.72,0.01,12.7904,5.0501,2.3999,9.77,79.2304,"GTEX-11EM3-0005-SM-5N9DK"
"LAML(T=173,N=337)",Tumor,5.4202,4.0501,1.7,1.51,10.0398,0.49,7.3999,2.2399,2.9999,0.03,0.41,0.01,5.0898,2.8701,1.42,8.5898,97.0519,"GTEX-ZTSS-0005-SM-4YCDR"
"LAML(T=173,N=337)",Tumor,5.3801,4.8099,0.71,1.6601,7.6301,0.56,0.22,9.0602,2.2801,0.05,0.14,0.02,1.48,0.65,0.9,12.3102,80.0418,"GTEX-YECK-0005-SM-4W217"
"LAML(T=173,N=337)",Tumor,4.5998,2.7999,0.89,0.72,1.86,0.28,0.41,2.67,1.26,0.03,0.13,0.02,1.7,1,0.53,7.6402,107.9775,"GTEX-QVJO-0006-SM-2S1RC"
"LAML(T=173,N=337)",Tumor,3.8601,1.7,0.66,0.73,2.5501,0.22,3.3,3.4701,1.57,0.02,0.06,0.01,1.95,1.12,0.6,4.44,38.7403,"GTEX-132Q8-0006-SM-5NQA4"
"LAML(T=173,N=337)",Tumor,5.7899,4.9499,1.47,1.13,7.3498,0.83,0.32,13.2497,2.59,0.07,0.44,0.04,2.18,1.35,1.24,12.4596,135.4287,"GTEX-13PLJ-0005-SM-5NQ99"
"LAML(T=173,N=337)",Tumor,4.5299,3.41,0.68,0.85,5.65,0.74,0.34,6.42,2.5101,0.03,0.43,0.01,3.48,0.82,0.84,10.0203,143.0217,"GTEX-1212Z-0006-SM-5NQ8M"
"LAML(T=173,N=337)",Tumor,5.4299,3.8999,0.31,0.99,4.7999,0.42,0.22,6.5699,2.2399,0.04,0.14,0.01,0.85,0.51,0.52,7.5199,84.389,"GTEX-WZTO-0006-SM-3NM9T"
"LAML(T=173,N=337)",Tumor,8.5797,7.1602,2.7501,1.75,21.93,1.78,17.9401,5.7599,5.1602,0.08,1.4,0.02,10.75,2.2001,3.7399,13.0601,114.8723,"GTEX-11LCK-0005-SM-5O98U"
"LAML(T=173,N=337)",Tumor,7.4199,6.75,2.29,2.35,16.1002,0.7,2.62,7.6201,3.05,0.07,0.48,0.01,3.5401,1.55,2.47,17.7595,253.6147,"GTEX-OOBJ-0006-SM-2I3F4"
"LAML(T=173,N=337)",Tumor,4.69,3.7399,1.27,1.36,9.8899,0.32,5.99,2.3299,2.07,0.01,0.64,0.01,6.2099,1.74,1.14,6.11,65.6798,"GTEX-XUZC-0005-SM-4BOQ8"
"LAML(T=173,N=337)",Tumor,4.77,1.39,0.58,1.15,6.3699,0.19,0.4,3.5699,1.94,0.02,0.14,0,1.73,0.88,1.08,12.8197,110.1623,"GTEX-11GSO-0005-SM-5O9CA"
"LAML(T=173,N=337)",Tumor,16.9195,14.1605,2.6001,2.8501,10.0099,1.78,2.9899,20.9493,6.7001,0.04,1.03,0.04,17.7804,4.2701,3.45,26.6996,233.6643,"GTEX-ZXG5-0005-SM-57WCN"
"LAML(T=173,N=337)",Tumor,8.6598,3.8799,1.28,2.27,22.0902,0.29,2.22,5.2599,3.06,0.01,0.79,0.01,1.7,1.09,2.18,13.6601,72.1676,"GTEX-X15G-0005-SM-3NMDA"
"LAML(T=173,N=337)",Tumor,11.0003,6.5599,0.68,1.54,7.1498,1.05,0.33,12.4501,3.23,0.04,0.59,0.03,2.01,1.01,0.99,16.3601,128.9697,"GTEX-ZUA1-0005-SM-4YCEV"
"LAML(T=173,N=337)",Tumor,7.4602,3.0099,0.34,1,3.6701,0.2,0.44,7.2,1.98,0.04,0.04,0.01,1.74,1.17,0.65,11.4802,119.1874,"GTEX-11DYG-0006-SM-5NQB2"
"LAML(T=173,N=337)",Tumor,6.83,4.3701,1.13,1.46,11.05,0.53,2.2399,4.04,3.3301,0.03,0.78,0,3.65,0.96,1.74,12.15,62.53,"GTEX-XXEK-0005-SM-4BRWJ"
"LAML(T=173,N=337)",Tumor,37.7593,16.2595,2.7,4.3099,20.5894,2.6499,1.54,42.3904,8.5797,0.32,0.55,0.08,3.39,3.6399,5.91,41.2598,139.9521,"GTEX-12WSB-0006-SM-5O998"
"LAML(T=173,N=337)",Tumor,20.9697,3.6301,0.14,1,4.62,0.25,0.32,4.13,1.05,0.05,0.09,0,1.9299,1.19,1.05,6.5101,60.2787,"GTEX-U412-0006-SM-3DB8J"
"LAML(T=173,N=337)",Tumor,3.61,5.6402,3.06,2.2601,12.3401,1.07,13.6696,6.5599,5.6199,0.03,0.84,0.01,11.7401,3.71,2.9201,11.7101,131.7527,"GTEX-QLQ7-0005-SM-2S1QP"
"LAML(T=173,N=337)",Tumor,184.0294,19.6196,5.2,6.0901,9.2801,2.22,17.2894,25.09,16.8703,0.07,3.2899,0.02,44.3194,23.7794,2.7299,62.3785,160.4735,"GTEX-11NSD-0005-SM-5LZZ5"
"LAML(T=173,N=337)",Tumor,12.4001,6.29,1.81,3.19,21.9498,0.48,1.71,4.5998,3.9601,0.03,1.07,0,2.8701,1.88,2.1701,14.6904,170.3421,"GTEX-13S86-0005-SM-5NQ7I"
"LAML(T=173,N=337)",Tumor,8.14,6.6101,3.07,3.5301,34.7601,0.6,16.8399,2.5501,4.3001,0.02,1.16,0,7.9597,2.0599,4.1001,13.2305,78.3674,"GTEX-SE5C-0006-SM-4BRW5"
"LAML(T=173,N=337)",Tumor,14.3403,8.3898,0.75,1.55,12.0602,1.48,0.4,17.1402,5.5,0.08,0.57,0.02,2.21,1.36,1.49,23.1998,105.5283,"GTEX-131YS-0005-SM-5NQAS"
"LAML(T=173,N=337)",Tumor,3.42,4.44,3.06,1.25,14.46,0.73,7.8599,2.3299,2.6601,0.02,0.79,0,7.1399,2.47,1.44,7.1102,90.7096,"GTEX-14BMU-0006-SM-5MR3T"
"LAML(T=173,N=337)",Tumor,2.23,1.19,0.79,0.48,5.0599,0.35,1.86,2.7199,0.93,0.03,0.07,0.01,1.75,0.46,0.75,5.34,59.1898,"GTEX-X4EP-0005-SM-3P5ZE"
"LAML(T=173,N=337)",Tumor,5.7599,6.5101,2.14,2.1199,12.9797,0.93,12.5098,5.8501,4.1501,0.02,1.1,0.01,17.7103,5.01,2.3999,10.43,121.9198,"GTEX-ZPCL-0006-SM-4WWAS"
"LAML(T=173,N=337)",Tumor,2.05,2.44,1.2,0.49,4.22,0.24,0.1,2.54,0.65,0.03,0.21,0.01,0.62,0.33,0.71,3.62,64.2613,"GTEX-U3ZG-0006-SM-47JWX"
"LAML(T=173,N=337)",Tumor,1.04,1.56,1.3,0.43,4.57,0.17,0.96,0.91,0.87,0.02,0.29,0,1.25,0.67,0.9,3.1299,66.0221,"GTEX-13113-0006-SM-5NQ7X"
"LAML(T=173,N=337)",Tumor,31.9901,25.0206,2.13,4.0901,17.5904,2.34,0.97,26.1701,12.2702,0.12,1.02,0.07,16.2404,4.07,4.13,31.2797,309.6072,"GTEX-11WQC-0006-SM-5LZVP"
"LAML(T=173,N=337)",Tumor,5.7699,6.3602,2.82,2.6499,21.9194,0.88,12.5898,4.4899,4.3499,0.04,1.7199,0.01,13.4599,3.6599,2.96,14.3502,135.7294,"GTEX-YFCO-0005-SM-4W1ZI"
"LAML(T=173,N=337)",Tumor,5.32,2.01,0.67,0.93,6.75,0.13,1.79,3.42,2.63,0.06,0.19,0,2.14,1.11,0.48,7.93,65.8896,"GTEX-TSE9-0005-SM-4DXUF"
"LAML(T=173,N=337)",Tumor,4.94,1.43,0.22,0.97,13.27,0.14,0.77,1.74,0.94,0.01,0.19,0,0.28,0.38,0.52,7.4602,55.2489,"GTEX-131XF-0006-SM-5P9HK"
"LAML(T=173,N=337)",Tumor,4.5998,7.3102,4.17,2.63,20.9595,0.84,14.0705,5.2899,4.57,0.01,1.36,0.01,5.6999,2.16,4.1999,10.0502,64.0878,"GTEX-O5YT-0007-SM-32PK7"
"LAML(T=173,N=337)",Tumor,4.84,2.96,0.74,1.57,3.3301,0.81,0.97,4.6799,2.2501,0.03,0.22,0.01,3.08,0.93,0.71,8.4798,260.4377,"GTEX-RVPV-0006-SM-2TF6Q"
"LAML(T=173,N=337)",Tumor,8.7098,8.2599,2.2601,3.4299,17.7706,0.99,3.68,5.8598,5.25,0.04,0.91,0.01,8.3601,3.18,2.8501,17.0904,138.0541,"GTEX-14E1K-0006-SM-5N9DY"
"LAML(T=173,N=337)",Tumor,4.33,8.7801,7.81,2.84,16.3499,2.02,14.3303,4.4899,3.56,0.06,2.5501,0.01,13.0203,3.8499,4.13,11.0799,108.6683,"GTEX-S4Q7-0006-SM-3K2AT"
"LAML(T=173,N=337)",Tumor,5.63,10.1496,6.2198,3.6301,30.6296,2.2399,11.7198,6.58,3.8499,0.11,1.43,0,8.6203,2.86,4.7999,15.9901,164.3459,"GTEX-PWOO-0006-SM-2I3E3"
"LAML(T=173,N=337)",Tumor,15.6904,14.1095,1.9001,2.3299,12.7003,1.62,2.6601,17.3494,5.8501,0.03,0.74,0.02,7.2501,1.9201,2.04,18.3794,156.5729,"GTEX-ZV68-0006-SM-4YCEJ"
"LAML(T=173,N=337)",Tumor,32.9397,11.5697,2.39,3.3,27.5398,6.3699,0.96,33.9598,5.1398,0.3,0.54,0.17,3.9401,1.67,4.0799,48.2605,186.5983,"GTEX-ZE9C-0006-SM-4WKG2"
"LAML(T=173,N=337)",Tumor,32.079,26.9506,2.76,6.59,16.3205,5.36,4.7299,38.4487,11.6704,0.33,3.71,0.2,21.7604,5.4299,2.82,29.5104,267.6668,"GTEX-11ZUS-0006-SM-5O9AJ"
"LAML(T=173,N=337)",Tumor,17.8199,13.8902,1.15,3.8499,12.9196,1.65,0.72,30.0804,7.21,0.11,0.54,0.04,6.4799,2.8501,1.54,28.3004,197.6347,"GTEX-14E7W-0006-SM-5N9GG"
"LAML(T=173,N=337)",Tumor,11.7304,11.3402,2.44,3.9601,26.1302,1.9299,2.74,11.7997,6.4499,0.18,1.08,0.05,6.4602,1.9001,4.3001,37.0798,193.2189,"GTEX-WYVS-0006-SM-3NMA7"
"LAML(T=173,N=337)",Tumor,1.54,1.83,0.79,0.46,4.7899,0.39,0.57,1.32,0.77,0.03,0.13,0,1.19,0.38,0.55,3.7399,112.8832,"GTEX-Y8E5-0006-SM-47JWQ"
"LAML(T=173,N=337)",Tumor,9.3201,9.84,4.24,2.15,27.3894,1.41,13.7904,7.21,5.01,0.08,0.85,0.02,8.8498,2.79,3.7399,12.3298,110.1089,"GTEX-1399S-0006-SM-5NQ7U"
"LAML(T=173,N=337)",Tumor,3.9199,5.99,4.3099,1.56,18.1704,0.77,8.42,2.76,3.39,0.03,0.83,0,9.3201,2.7299,1.9299,7.6902,89.2873,"GTEX-ZTX8-0006-SM-4YCE4"
"LAML(T=173,N=337)",Tumor,4.1999,5.7799,2,1.5,28.4006,0.45,6.0602,4.74,2.18,0.03,0.77,0,5.34,1.54,2.6601,13.1902,83.0773,"GTEX-YB5E-0005-SM-4VDSO"
"LAML(T=173,N=337)",Tumor,1.88,0.57,2.05,0.26,3.8899,0.24,1.28,1.02,0.59,0.02,0.2,0.01,1.23,0.36,0.4,1.71,227.4639,"GTEX-XK95-0005-SM-4AT4S"
"LAML(T=173,N=337)",Tumor,5.6102,3.1999,0.78,0.92,20.0305,0.61,6.8201,3.4701,3.3301,0.05,0.22,0.01,1.65,0.9,1.8899,10.0398,73.7812,"GTEX-WOFM-0005-SM-3MJF3"
"LAML(T=173,N=337)",Tumor,32.32,12.8999,5.0898,5.1001,16.5403,1.14,8.0201,23.5302,6.4,0.14,1.23,0.05,12.2897,3.2099,7.1801,23.9896,238.0951,"GTEX-VUSG-0006-SM-3GIK9"
"LAML(T=173,N=337)",Tumor,6.7899,5.9002,2.59,1.19,16.6403,0.65,8.9603,4.84,3.2799,0.03,0.43,0.01,4.5501,1.8899,1.64,7.7598,156.638,"GTEX-11VI4-0006-SM-5N9D8"
"LAML(T=173,N=337)",Tumor,8.4798,5.1199,0.61,0.66,7.9597,1.24,0.45,10.9304,2.04,0.04,0.15,0.02,1.18,0.62,0.86,9.3298,140.9061,"GTEX-12WSE-0005-SM-5NQAE"
"LAML(T=173,N=337)",Tumor,7.8801,10.4198,4.1401,2.94,17.4701,1.22,9.7998,6.3602,5.2101,0.03,2.14,0.01,10.0502,3.8299,3.7501,18.9697,114.4511,"GTEX-QMRM-0005-SM-3NB2A"
"LAML(T=173,N=337)",Tumor,13.1199,7.0699,2.11,2.9201,19.3401,2.23,2.63,15.5604,6.11,0.12,0.35,0.03,7.2602,1.71,2.7199,23.6905,183.9146,"GTEX-12KS4-0005-SM-5SI94"
"LAML(T=173,N=337)",Tumor,31.2299,19.9197,5.37,6.3602,16.4294,3.3301,8.8399,28.7991,9.2301,0.08,2.01,0.09,17.8397,5.8399,6.2401,32.8508,230.0803,"GTEX-WQUQ-0006-SM-3MJF4"
"LAML(T=173,N=337)",Tumor,8.6101,4.3399,0.62,1.45,8.6101,1.15,0.2,8.4898,2.5501,0.03,0.06,0.01,1.55,0.96,0.73,11.6203,152.5449,"GTEX-13VXU-0006-SM-5N9FF"
"LAML(T=173,N=337)",Tumor,1.99,1.91,1.18,0.85,7.3999,0.32,3.5801,1.31,1.38,0.01,0.2,0,2.21,0.76,0.74,3.36,47.3689,"GTEX-12WSK-0006-SM-5NQA1"
"LAML(T=173,N=337)",Tumor,5.1299,5.6001,2.81,4.6101,13.8297,1.67,21.2698,3.0199,6.1299,0.06,1.01,0,18.7696,4.4201,1.98,10.6196,105.9534,"GTEX-14H4A-0006-SM-5N9E3"
"LAML(T=173,N=337)",Tumor,11.3002,7.4498,1.2,2.48,21.93,0.76,2.1,12.1298,4.3801,0.12,0.85,0.02,4.7099,2.22,2.36,22.4904,137.2336,"GTEX-ZF3C-0005-SM-4WWAR"
"LAML(T=173,N=337)",Tumor,10.0698,12.5202,2.3199,2.9699,25.2505,0.98,11.3198,6.8599,5.36,0.09,0.91,0.01,4.72,2.83,3.7901,28.7193,170.4248,"GTEX-13111-0005-SM-5NQ7Z"
"LAML(T=173,N=337)",Tumor,12.0803,4.9599,0.58,2.08,9.6998,0.65,0.21,14.2096,3.5699,0.04,0.08,0.01,1.63,1.29,0.63,16.5805,105.1997,"GTEX-117YW-0005-SM-5NQ8Z"
"LAML(T=173,N=337)",Tumor,5.5298,5.2899,2.1701,1.64,19.6101,1.35,9.5802,4.8801,4.12,0.07,1.28,0.01,8.5601,1.8,1.99,9.0301,90.5589,"GTEX-11P81-0006-SM-5NQ7A"
"LAML(T=173,N=337)",Tumor,17.5904,16.9994,2.83,4.0299,15.2201,1.8,7.8398,20.3299,8.5898,0.13,1.76,0.02,24.76,5.7301,3.71,34.1795,181.056,"GTEX-12696-0005-SM-5LZYS"
"LAML(T=173,N=337)",Tumor,2.6001,1.82,0.46,0.71,5.8802,0.35,2.9999,1.88,1.61,0.03,0.19,0,1.3,0.61,0.85,3.2699,143.9666,"GTEX-ZQUD-0005-SM-4YCE5"
"LAML(T=173,N=337)",Tumor,40.5594,17.1498,2.3001,6.7598,20,4.0599,1.16,37.6809,12.0401,0.08,0.85,0.07,10.48,3.4701,3.1299,44.0896,346.0642,"GTEX-12WSC-0005-SM-5MR3H"
"LAML(T=173,N=337)",Tumor,8.5299,3.7801,0.76,1.56,11.1299,0.54,0.87,4.4201,2.37,0.06,0.15,0,2.96,1.03,1.13,11.8202,100.3005,"GTEX-WWYW-0005-SM-3NB3K"
"LAML(T=173,N=337)",Tumor,13.7104,6.11,2.5501,1.98,38.47,0.28,7.7399,5.32,4.94,0,0.92,0,3.4299,1.75,4.4899,13.5197,70.4818,"GTEX-XAJ8-0006-SM-46MVM"
"LAML(T=173,N=337)",Tumor,7.5701,9.2001,4.4201,3.95,18.8204,2.05,9.3098,6.3602,4.2701,0.13,1.77,0.01,11.7703,3.84,3.4899,16.77,174.3559,"GTEX-11XUK-0005-SM-5LU9F"
"LAML(T=173,N=337)",Tumor,12.6897,5.2101,1.53,1.35,17.7103,1.35,0.88,8.5797,2.31,0.12,0.3,0.06,1.67,0.66,2.16,20.2904,108.0299,"GTEX-OHPN-0005-SM-2YUML"
"LAML(T=173,N=337)",Tumor,2.19,4.3898,1.76,1.09,9.9098,0.53,1.37,3.9799,2.5699,0.03,0.45,0.01,3.19,1.19,0.91,6.27,105.1268,"GTEX-ZF2S-0006-SM-4WKHF"
"LAML(T=173,N=337)",Tumor,9.7301,7.3902,0.61,2.82,8.9398,1.04,0.3,15.8896,4.72,0.07,0.22,0.01,3.35,1.64,1.01,16.1002,106.5795,"GTEX-11NUK-0005-SM-5MR5F"
"LAML(T=173,N=337)",Tumor,9.2103,12.5098,6.9,4.7499,32.2596,1.9201,18.9198,7.51,7.9802,0.04,1.39,0.01,17.4798,5.87,5.28,18.6399,142.1125,"GTEX-13CZU-0005-SM-5LU8K"
"LAML(T=173,N=337)",Tumor,15.0898,9.4097,5.08,5.94,18.2398,1.4,9.4201,15.0804,8.8799,0.09,0.32,0.04,8.8602,4.7099,5.01,36.6403,190.4004,"GTEX-PLZ4-0006-SM-2S1NY"
"LAML(T=173,N=337)",Tumor,10.4502,4.7899,1.33,1.96,10.5602,0.8,3.42,6.6101,2.47,0.05,0.61,0.03,7.5502,1.87,2.6601,9.4903,108.3674,"GTEX-TMMY-0005-SM-33HBN"
"LAML(T=173,N=337)",Tumor,7.2798,7.3999,1.6,1.95,10.3903,1.26,4.04,9.4903,6.7001,0.07,0.61,0.02,12.8901,2.71,1.48,23.24,161.2763,"GTEX-139TS-0005-SM-5NQC1"
"LAML(T=173,N=337)",Tumor,21.0395,19.8894,2.27,4.1799,18.1805,2.07,3.08,30.8106,8.14,0.18,0.83,0.1,12.6598,4.5199,3.5801,34.1889,229.2525,"GTEX-ZDTS-0006-SM-4WAYZ"
"LAML(T=173,N=337)",Tumor,65.3982,32.529,5.5498,5.5298,18.2196,6.8599,8.4698,49.9589,12.6897,0.29,1.74,0.09,38.5688,9.2103,6.11,69.8689,406.017,"GTEX-QXCU-0006-SM-2TC5K"
"LAML(T=173,N=337)",Tumor,7.3799,5.8101,2.16,2.6001,10.75,0.63,6.4602,3.7301,3.0199,0.03,0.55,0.01,3.87,1.53,2.67,15.6296,119.7588,"GTEX-111YS-0006-SM-5NQBE"
"LAML(T=173,N=337)",Tumor,4.84,6.67,1.81,2.47,23.4504,0.85,12.2498,3.23,3.34,0.05,0.9,0,8.0301,2.7501,3.71,10.8503,79.0713,"GTEX-12BJ1-0006-SM-5SIB5"
"LAML(T=173,N=337)",Tumor,11.3599,7.5298,3.4299,2.83,25.5092,1.15,2.8501,8.3301,2.64,0.06,0.97,0.04,2.4099,1.98,2.5,24.2001,266.5744,"GTEX-PLZ5-0006-SM-2S1NZ"
"LAML(T=173,N=337)",Tumor,1.18,0.5,0.14,0.63,2.3001,0.12,0.11,1.65,0.54,0.01,0.1,0.01,0.56,0.25,0.22,4.1799,50.2402,"GTEX-147F4-0006-SM-5O99T"
"LAML(T=173,N=337)",Tumor,1.99,1.62,2.23,0.7,7.5601,0.22,4.3099,1.04,1.39,0.01,0.17,0,2,0.86,1.05,4.1999,62.5907,"GTEX-R55G-0006-SM-2TC6O"
"LAML(T=173,N=337)",Tumor,4.6799,1.99,0.7,1.29,6.4602,0.84,1.19,3.87,1.42,0.05,0.22,0.01,2.36,1.05,0.8,8.2399,88.6829,"GTEX-X261-0005-SM-4PQYX"
"LAML(T=173,N=337)",Tumor,6.4602,7.9201,4.0201,2.7199,30.3695,0.9,12.8597,3.25,3.9799,0.06,2.03,0.02,7.4902,2.36,3.5699,9.1201,116.484,"GTEX-XUJ4-0005-SM-4BOQ6"
"LAML(T=173,N=337)",Tumor,3.84,3.11,1,2.02,11.0003,0.24,3.61,1.01,1.32,0.02,0.25,0,2.52,1.19,1.13,12.5602,40.0787,"GTEX-QDVN-0006-SM-48U1R"
"LAML(T=173,N=337)",Tumor,4.8602,1.94,0.25,0.65,4.3099,0.27,0.1,3.5499,1.7,0.02,0.18,0.01,1.07,0.6,0.51,8.3497,99.7666,"GTEX-PVOW-0006-SM-3NMB8"
"LAML(T=173,N=337)",Tumor,8.0401,5.91,1.95,2.7999,24.7995,0.55,8.67,4.2101,2.5,0.06,1.22,0,8.0001,2.86,3.2699,12.5898,107.3208,"GTEX-WXYG-0005-SM-3NB3M"
"LAML(T=173,N=337)",Tumor,7.0802,3.8001,0.58,1.03,9.1099,0.55,0.49,6.2501,2.5501,0.05,0.2,0.02,0.93,0.86,1.17,11.9702,91.9186,"GTEX-13CF2-0006-SM-5O99L"
"LAML(T=173,N=337)",Tumor,6.2,7.22,1.33,0.98,3.6399,0.55,4.1001,6.3898,1.7,0.07,0.27,0.01,5.2899,1.65,1.43,10.09,130.5256,"GTEX-148VJ-0006-SM-5NQB1"
"LAML(T=173,N=337)",Tumor,11.0799,9.37,5.7499,2.48,36.8798,1.05,11.9802,7.8398,4.54,0.07,1.83,0.02,15.3196,4.12,4.9699,13.7399,89.7901,"GTEX-Y5LM-0005-SM-4V6EJ"
"LAML(T=173,N=337)",Tumor,41.3199,32.99,3.26,7.1801,23.8404,4.7299,1.81,50.8992,13.4198,0.2,2.84,0.15,10.48,3.23,5.7499,43.0896,295.3118,"GTEX-S7SE-0005-SM-2XCEA"
"LAML(T=173,N=337)",Tumor,8.8799,2.47,3.6301,1.64,23.0603,0.78,7.1801,2.79,3.35,0.01,0.54,0,11.1299,1.95,2.6899,16.1203,131.1968,"GTEX-14BIM-0006-SM-5O9AA"
"LAML(T=173,N=337)",Tumor,4.78,1.9001,0.25,1.04,5.3902,0.34,0.11,4.2701,1.59,0.04,0.06,0.01,1.26,0.69,0.42,7.0499,95.0085,"GTEX-11OF3-0006-SM-5O9CM"
"LAML(T=173,N=337)",Tumor,7.5298,6.8201,5.2701,3.06,21.5398,2.35,17.0502,8.7297,3.9401,0.02,1.84,0.01,11.6397,2.44,7.2899,9.9201,118.8821,"GTEX-WFG7-0005-SM-3GIKM"
"LAML(T=173,N=337)",Tumor,0.87,0.67,0.43,0.42,4.7999,0.27,0.99,0.76,0.42,0.15,0.21,0.06,0.98,0.22,0.45,2.42,61.9691,"GTEX-NPJ8-0007-SM-2D7VX"
"LAML(T=173,N=337)",Tumor,7.5601,4.33,1.06,1.08,13.1801,0.43,4.6101,4.0299,3.36,0.02,0.24,0,3.03,1.3,1.25,7.3401,76.9997,"GTEX-X3Y1-0006-SM-3P5ZG"
"LAML(T=173,N=337)",Tumor,4.3601,1.65,0.38,0.88,4.19,0.2,0.12,2.3299,0.92,0.01,0.07,0.01,0.65,0.36,0.86,7.5601,50.9592,"GTEX-ZTTD-0006-SM-51MSJ"
"LAML(T=173,N=337)",Tumor,5.6102,4.41,0.81,1.23,5.5099,0.42,0.54,6.9398,1.58,0.06,0.36,0.01,2.37,1.36,0.95,13.8498,85.3715,"GTEX-14A5H-0006-SM-5O9AI"
"LAML(T=173,N=337)",Tumor,35.1404,18.8896,1.87,6.7598,46.3105,1.31,1.53,15.6502,8.9002,0.21,0.91,0.04,3.5499,4.41,4.72,35.9012,198.0461,"GTEX-1399R-0006-SM-5N9FR"
"LAML(T=173,N=337)",Tumor,6.8599,5.8501,0.46,1.49,6.2,0.39,0.49,6.2198,2.67,0.03,0.09,0.02,2.44,1.34,0.75,14.7404,115.6874,"GTEX-1192W-0005-SM-5NQBQ"
"LAML(T=173,N=337)",Tumor,30.4306,17.4302,1.8,2.7299,16.0401,4.33,1.08,38.08,7.89,0.26,0.75,0.04,10.0398,6.3001,3.48,34.7191,212.8057,"GTEX-14BMV-0005-SM-5NQ6Y"
"LAML(T=173,N=337)",Tumor,5.41,4.9301,0.78,1.46,5.1698,0.52,0.15,6.67,2.35,0.04,0.19,0.01,1.63,0.89,0.71,9.4699,112.5863,"GTEX-1313W-0006-SM-5O9B1"
"LAML(T=173,N=337)",Tumor,6.2501,4.62,1.69,2.36,20.0694,0.45,8.3301,2.39,3.5301,0.04,0.51,0.01,3.4001,1.8,2.35,10.6698,71.0705,"GTEX-12WSL-0005-SM-5NQAD"
"LAML(T=173,N=337)",Tumor,10.7799,6.2099,1.4,1.9201,17.98,1.28,2.1199,6.42,3.32,0.06,0.43,0.02,2.35,0.91,1.98,14.6599,106.8384,"GTEX-XMK1-0005-SM-4B665"
"LAML(T=173,N=337)",Tumor,4.7999,3.9401,2.03,0.86,19.5396,0.94,4.7001,2.6801,3.22,0.03,0.6,0.02,4.0599,1.11,2.4501,9.4903,67.8877,"GTEX-WHPG-0006-SM-3NMBV"
"LAML(T=173,N=337)",Tumor,10.1496,5.6402,1.09,3.5801,16.1405,0.55,12.1803,6.0998,5.8201,0.03,0.64,0.02,5.8101,2.05,1.6,7.6402,83.308,"GTEX-RWS6-0005-SM-2XCAN"
"LAML(T=173,N=337)",Tumor,3.7501,2.74,0.69,1.97,6.3501,0.4,0.97,4.6399,2.39,0.02,0.14,0.01,3.2099,0.67,1.09,8.2599,102.167,"GTEX-T5JC-0005-SM-4DM7B"
"LAML(T=173,N=337)",Tumor,6.9,7.13,2.56,1.73,21.8299,1.71,7.6201,5.9499,3.8001,0.02,1.39,0,8.7697,2.9999,3.0099,12.5402,111.1209,"GTEX-WHWD-0005-SM-3LK7D"
"LAML(T=173,N=337)",Tumor,7.22,6.28,1.04,1.12,18.9894,0.44,4.3099,4.7099,3.05,0.05,0.43,0,2.19,1.17,1.71,8.3799,72.1977,"GTEX-O5YW-0006-SM-3LK6E"
"LAML(T=173,N=337)",Tumor,4.5299,5.01,1.45,1.41,6.1299,1.26,1.19,4.33,2.2399,0.03,0.38,0.03,2.13,1.01,1.9299,6.1798,122.3176,"GTEX-QLQW-0005-SM-2S1RA"
"LAML(T=173,N=337)",Tumor,56.0202,24.0296,3.8499,4.84,36.5389,5.1602,15.0199,44.8603,12.4096,0.12,1.2,0.12,21.6506,6.7201,6.8201,50.2611,198.8164,"GTEX-X585-0005-SM-46MV3"
"LAML(T=173,N=337)",Tumor,6.8799,2.03,0.45,0.96,6.2501,0.28,0.25,4.4201,2.07,0.02,0.05,0,1.58,0.47,0.91,8.1597,79.3788,"GTEX-WHSE-0006-SM-3NMBW"
"LAML(T=173,N=337)",Tumor,2.48,1.56,0.51,1.24,9.4397,0.09,0.82,1.68,1.33,0,0.21,0,0.66,0.45,0.89,5.6901,52.0408,"GTEX-RUSQ-0006-SM-2TF6P"
"LAML(T=173,N=337)",Tumor,10.6499,8.9398,1.91,3.7,21.7604,0.74,8.92,7.0201,8.2102,0.07,1.13,0.01,11.6501,5.7098,3.06,14.3105,101.6302,"GTEX-11I78-0005-SM-5N9GB"
"LAML(T=173,N=337)",Tumor,10.3299,5.1299,0.54,2.18,7.0499,0.5,0.37,9.1701,2,0.07,0.15,0.01,1.2,0.77,1,9.1201,105.792,"GTEX-SJXC-0005-SM-2XCE7"
"LAML(T=173,N=337)",Tumor,25.9497,12.68,1.39,4.1799,30.8405,1.26,5.8399,39.8212,7.3999,0.38,1.03,0.07,7.0802,4.5602,2.6001,57.2092,171.3844,"GTEX-XLM4-0005-SM-4AT4P"
"LAML(T=173,N=337)",Tumor,2.42,1.75,2.16,0.62,4.6399,0.2,6.4098,2.59,1.57,0.01,0.3,0,3.42,1.21,0.88,3.8799,70.0387,"GTEX-WEY5-0006-SM-3GIKG"
"LAML(T=173,N=337)",Tumor,8.4898,6.1299,1.26,1.85,5.47,1.09,1.19,10.3099,2.23,0.09,0.11,0.02,4.2701,3.25,2,13.6204,91.3723,"GTEX-139T8-0006-SM-5NQ6V"
"LAML(T=173,N=337)",Tumor,1.9299,2.02,1.21,0.85,6.8201,0.29,3.41,1.25,0.95,0.03,0.18,0.01,1.97,0.47,0.93,4.8699,49.4114,"GTEX-XPVG-0006-SM-4B65Z"
"LAML(T=173,N=337)",Tumor,3.3,2.13,0.62,0.76,2.2399,0.27,1.11,2.5501,1.35,0.03,0.12,0,1.61,0.74,0.49,6.53,92.0971,"GTEX-14C39-0005-SM-5NQBR"
"LAML(T=173,N=337)",Tumor,2.67,1.2,0.9,0.89,4.1401,0.24,2.5,2.09,1.63,0.04,0.08,0,4.3001,0.67,0.79,6.67,142.3787,"GTEX-OXRP-0006-SM-2I3FN"
"LAML(T=173,N=337)",Tumor,8.8799,6.3501,2.6601,2.86,22.1101,1.5,1.39,7.19,4.1799,0.11,0.4,0.03,2.4599,1.78,2.84,18.7397,199.479,"GTEX-Q734-0006-SM-2I3FJ"
"LAML(T=173,N=337)",Tumor,14.3801,7.9399,1.59,3.1299,35.3701,0.36,13.7303,5.0599,4.9599,0,0.61,0,3.8899,2.05,3.4399,11.1299,63.0305,"GTEX-T5JW-0005-SM-3GADE"
"LAML(T=173,N=337)",Tumor,17.1201,13.07,2.3299,4.7499,20.7197,1.22,13.2103,11.4302,5.08,0.15,4.62,0.02,11.1701,2.3001,4.69,27.8991,186.9738,"GTEX-PSDG-0005-SM-3GADC"
"LAML(T=173,N=337)",Tumor,16.2798,12.0401,2.22,4.78,12.6502,2.49,2.19,27.4103,7.4498,0.11,1.07,0.06,10.0203,2.86,2.04,30.5299,231.5843,"GTEX-13OW6-0005-SM-5NQ9Z"
"LAML(T=173,N=337)",Tumor,10.03,7.8801,2.7299,3.19,28.5803,1.42,7.6001,10.03,5.1799,0.11,1.08,0.02,7.4798,2.01,4.9202,22.7097,164.8136,"GTEX-V1D1-0006-SM-3NMCE"
"LAML(T=173,N=337)",Tumor,10.6802,3.39,0.54,1.21,12.5898,0.1,0.68,2.78,1.9001,0.04,0.27,0.01,1,0.68,1.41,12.8099,92.8921,"GTEX-ZPU1-0006-SM-4WWAT"
"LAML(T=173,N=337)",Tumor,6.78,6.17,2.23,1.55,17.2798,0.75,7.2,3.15,3.2099,0.03,0.68,0,4.8299,1.41,2.42,10.6403,87.4195,"GTEX-131XG-0006-SM-5O9CE"
"LAML(T=173,N=337)",Tumor,5.41,4.9301,3.9401,2.04,23.8305,1.21,7.44,8.6101,3.1299,0.03,0.31,0.02,8.9101,1.38,3.16,25.4297,85.4011,"GTEX-XBEW-0006-SM-4AT4E"
"LAML(T=173,N=337)",Tumor,4.2799,4.26,1.96,3.34,18.1402,0.5,4.0901,2.6001,1.51,0.01,0.54,0.01,2.67,0.97,2.5799,13.3604,81.2605,"GTEX-WY7C-0006-SM-3NB3L"
"LAML(T=173,N=337)",Tumor,14.0597,8.9002,3.1399,4.8801,17.4097,1.53,9.2199,15.2402,7.22,0.2,0.68,0.05,10.09,3.9199,5.7499,31.7207,163.3351,"GTEX-PLZ4-0006-SM-5SI8L"
"LAML(T=173,N=337)",Tumor,7.7099,13.9897,3.1399,3.42,16.9195,0.9,7.68,8.0301,4.9301,0.03,1.6601,0.03,10.7202,3.08,3.06,18.5806,139.5937,"GTEX-Y114-0006-SM-4TT76"
"LAML(T=173,N=337)",Tumor,9.0998,6.1798,1.99,2.49,20.9406,0.88,4.74,4.5099,3.32,0.02,0.39,0,2.83,1.4,2.9899,28.4006,142.5664,"GTEX-OOBK-0005-SM-2YUMG"
"LAML(T=173,N=337)",Tumor,12.3102,5.5598,1.55,3.3,11.0699,1.1,9.9201,12.1998,5.7899,0.12,0.37,0.05,14.4801,3.1699,3.9199,19.32,175.0098,"GTEX-UTHO-0006-SM-3NMCC"
"LAML(T=173,N=337)",Tumor,16.0601,11.3002,3.0399,3.65,40.61,1.28,18.25,8.4698,4.5801,0.06,1.15,0.01,9.7998,3.12,6.75,27.0404,152.8625,"GTEX-ZP4G-0006-SM-4WWE6"
"LAML(T=173,N=337)",Tumor,17.6797,1.7199,0.2,1.77,13.5197,0.32,0.11,7.0201,3.87,0.04,0.11,0.01,1.34,2.07,0.76,20.7297,93.163,"GTEX-XQ3S-0006-SM-4BOQ4"
"LAML(T=173,N=337)",Tumor,7.51,2.7999,0.44,1.18,6.7598,0.96,0.18,7.3102,2.3801,0.03,0.23,0.02,1.58,0.47,0.92,11.29,112.2823,"GTEX-ZVT3-0006-SM-51MT9"
"LAML(T=173,N=337)",Tumor,8.55,7.8801,2.5501,1.9299,17.8002,2.18,16.95,5.9801,4.0901,0.07,1.48,0,8.81,2.84,2.9001,18.1101,111.3523,"GTEX-11TT1-0005-SM-5NQ8Y"
"LAML(T=173,N=337)",Tumor,9.1803,9.6401,3.3301,3.8899,23.8107,0.88,13.5704,4.9499,5.34,0.02,1.17,0,12.8303,4.7001,3.18,17.73,128.3989,"GTEX-ZDTT-0006-SM-4WKFP"
"LAML(T=173,N=337)",Tumor,4.0799,1.77,0.53,0.82,6.9201,0.4,2.93,2.3801,1.51,0.02,0.03,0.01,1.36,0.72,0.8,5.91,51.1007,"GTEX-XMD1-0006-SM-4AT4Q"
"LAML(T=173,N=337)",Tumor,22.8899,24.0096,2.94,5.6402,23.7497,4.6399,2.63,29.7899,8.8498,0.06,1.42,0.06,7.5901,3.2899,6.4499,29.0296,286.7193,"GTEX-113IC-0006-SM-5NQ9C"
"LAML(T=173,N=337)",Tumor,7.7802,10.4097,5.87,3.7,24.4802,2.42,19.9101,5.9499,5.41,0.24,2.11,0.04,22.3304,3.9199,5.2599,12.3504,104.4223,"GTEX-WFG8-0006-SM-3GIKS"
"LAML(T=173,N=337)",Tumor,5.25,5.25,1.18,1.53,10.8203,0.94,4.6101,3.05,2.7299,0.03,0.56,0.01,5.65,1.41,1.16,6.4499,55.2298,"GTEX-U3ZN-0006-SM-3DB7Y"
"LAML(T=173,N=337)",Tumor,2.2501,2.44,0.59,1.02,1.86,0.39,0.73,2.79,1.34,0.01,0.11,0.01,1.49,0.68,0.55,4.7899,61.8318,"GTEX-13OW8-0005-SM-5NQAC"
"LAML(T=173,N=337)",Tumor,39.4612,20.3807,2.62,5.9499,20.0194,2.76,8.8197,40.5594,13.6497,0.06,1.97,0.06,19.2705,6.9798,4.2799,34.7095,215.0597,"GTEX-11OC5-0006-SM-5N9FA"
"LAML(T=173,N=337)",Tumor,23.7596,10.8503,3.3801,4.7999,14.94,2.79,2.47,23.0907,6.9499,0.06,1.41,0.03,13.5104,2.4099,3.61,25.2803,274.354,"GTEX-139TU-0006-SM-5LZVN"
"LAML(T=173,N=337)",Tumor,12.3701,7.36,1.78,1.9299,6.6501,1.86,2.18,13.9897,5.0298,0.07,0.32,0.05,6.6899,2.48,1.15,17.2798,133.8144,"GTEX-S7PM-0006-SM-3NM8C"
"LAML(T=173,N=337)",Tumor,2.62,1.52,0.74,0.88,6.7201,0.3,2.6899,1.11,1.51,0,0.1,0,1.1,0.52,0.73,3.4399,69.4104,"GTEX-X5EB-0006-SM-46MV5"
"LAML(T=173,N=337)",Tumor,4.3499,6.64,1.8899,1.52,15.4701,0.6,9.81,3.5801,2.63,0.05,0.53,0,7.68,3.12,2.37,13.5404,92.7892,"GTEX-YF7O-0005-SM-4W1ZU"
"LAML(T=173,N=337)",Tumor,11.9702,14.6,5.1398,3.1699,17.1402,1.91,9.7998,15.4197,5.9801,0.1,1.14,0.05,11.63,4.3499,2.83,16.5197,169.3649,"GTEX-X62O-0005-SM-46MV1"
"LAML(T=173,N=337)",Tumor,19.5504,9.7903,2.62,4.7001,21.0206,2.94,1.79,10.7202,5.23,0.19,0.95,0.06,3.06,1.15,4.4601,32.4997,227.2433,"GTEX-XV7Q-0005-SM-4BRWI"
"LAML(T=173,N=337)",Tumor,18.56,6.8102,1.46,2.53,16.3703,1.18,2.1,8.8197,3.69,0.02,0.43,0.04,3.22,1.81,2.8501,18.1805,117.7177,"GTEX-X4XX-0005-SM-3NMCS"
"LAML(T=173,N=337)",Tumor,9.16,13.9201,4.9799,3.93,28.9692,0.93,14.8398,8.3799,6.0401,0.09,1.16,0.01,8.8498,3.0901,6.01,23.0507,165.6152,"GTEX-SNOS-0006-SM-32PLH"
"LAML(T=173,N=337)",Tumor,2.23,1.97,1,0.58,16.0802,0.14,2.76,1.13,1.24,0.02,0.19,0,1.17,0.49,2.14,6.2501,37.1492,"GTEX-Y3I4-0006-SM-4TT1E"
"LAML(T=173,N=337)",Tumor,13.3197,10.9304,3.0099,4.1501,9.4097,1.55,6.1299,14.0705,8.2399,0.05,0.81,0.06,22.3397,4.8099,3.52,25.5092,187.1813,"GTEX-YFC4-0006-SM-4RGLV"
"LAML(T=173,N=337)",Tumor,9.3001,3.3101,0.5,1.51,12.8401,0.6,0.22,7.9597,2.62,0.05,0.09,0.01,0.73,0.63,1.4,22.8899,105.3091,"GTEX-139UC-0005-SM-5PNU7"
"LAML(T=173,N=337)",Tumor,2.02,0.72,0.69,0.33,1.61,0.17,0.89,1.42,0.5,0,0.05,0.01,0.92,0.49,0.42,2.84,99.587,"GTEX-12ZZW-0005-SM-5O9BY"
"LAML(T=173,N=337)",Tumor,1.32,0.43,0.29,0.47,1.31,0.05,0.84,0.84,0.51,0,0.03,0,1.05,0.38,0.26,3.95,71.0508,"GTEX-13CZV-0006-SM-5P9IN"
"LAML(T=173,N=337)",Tumor,9.2301,11.89,3.8499,4.44,23.1099,1.32,15.7296,4.8699,5.8598,0.03,1.07,0.02,11.3701,4.7299,4.4499,26.6109,169.8116,"GTEX-13O61-0005-SM-5O9AU"
"LAML(T=173,N=337)",Tumor,2.0599,1.38,0.47,0.56,1.96,0.27,0.71,2.93,1.42,0.02,0.18,0.01,2.4599,0.7,0.33,4.22,110.0936,"GTEX-12WSM-0005-SM-5NQB3"
"LAML(T=173,N=337)",Tumor,5.1199,6.3699,3.1299,2.03,14.7404,0.5,23.9996,3.7699,7.1801,0.06,0.59,0.01,10.27,3.03,2.3999,8.6203,59.4983,"GTEX-Y8LW-0005-SM-4V6EV"
"LAML(T=173,N=337)",Tumor,9.4903,10.5098,5.1502,4.3801,29.4491,1.65,13.3901,4.84,6,0.11,2.2601,0.01,15.1695,4.3399,4.41,19.3696,157.2581,"GTEX-12WSJ-0005-SM-5LU8S"
"LAML(T=173,N=337)",Tumor,1.6601,1.27,1.87,1,5.19,0.41,5.3101,2.1,1.33,0.06,0.16,0,3.12,0.82,1.17,7.8501,66.8418,"GTEX-14C38-0006-SM-5NQBF"
"LAML(T=173,N=337)",Tumor,6.83,0.38,0.44,1.58,9.2698,0.03,0.75,1.48,2.2801,0.01,0.04,0,1.6,0.66,0.68,7.8203,50.1985,"GTEX-12WSA-0005-SM-5O9BM"
"LAML(T=173,N=337)",Tumor,1.49,1.47,1.81,0.5,3.36,0.31,2.56,3.4299,1.13,0.05,0.19,0.01,2.7,0.48,0.52,7.1602,67.9489,"GTEX-13OVJ-0006-SM-5O98T"
"LAML(T=173,N=337)",Tumor,3.9401,2.2001,0.67,1.06,7.44,0.43,0.52,5.33,2.63,0.08,0.27,0,4.0101,0.68,0.9,6.0602,103.7585,"GTEX-NL3G-0007-SM-4SOIF"
"LAML(T=173,N=337)",Tumor,3.7501,2.2399,1.39,0.91,8.9497,0.37,2.71,2.42,2.14,0.01,0.42,0,2.8501,1.26,1.11,4.3601,172.4927,"GTEX-OIZH-0005-SM-2HMJN"
"LAML(T=173,N=337)",Tumor,3.46,1.49,0.41,1.04,7.0499,0.08,2.2001,1.2,1.14,0.01,0.09,0,0.8,0.56,0.77,4.9999,43.3712,"GTEX-WH7G-0005-SM-3NMBX"
"LAML(T=173,N=337)",Tumor,3.4001,2.04,0.57,1,2.9201,0.32,0.63,3.69,1.76,0.04,0.4,0.01,1.86,0.64,0.56,6.52,106.4466,"GTEX-1269C-0005-SM-5N9CJ"
"LAML(T=173,N=337)",Tumor,7.9597,2.6899,0.61,1.28,9.0501,0.48,0.18,7.9102,2.3001,0.06,0.18,0.01,1.04,0.54,1.22,12.3196,144.6768,"GTEX-ZVZQ-0006-SM-51MR8"
"LAML(T=173,N=337)",Tumor,12.9303,8.67,1.64,2.7199,15.8401,1.54,2.6801,20.0097,5.9198,0.15,0.83,0.05,9.16,3.2899,2.9899,26.4894,169.6352,"GTEX-14A6H-0006-SM-5NQ7W"
"LAML(T=173,N=337)",Tumor,18.2095,18.87,2.2399,3.59,12.5898,2.49,0.41,34.5008,6.6198,0.08,0.8,0.11,6.7701,1.43,2.52,24.6402,204.9308,"GTEX-12WSD-0005-SM-5N9FZ"
"LAML(T=173,N=337)",Tumor,19.8302,17.8694,3.4001,4.7001,27.2795,2.21,8.9497,14.5203,7.7802,0.05,1.49,0.07,10.0802,3.9401,4.25,29.1505,171.9913,"GTEX-ZGAY-0006-SM-4WWAQ"
"LAML(T=173,N=337)",Tumor,4.9899,3.08,1.08,1.26,14.7098,0.15,3.0901,1.94,2.5,0.01,0.23,0,1.9001,0.95,2.07,12.5297,94.3522,"GTEX-Q2AH-0005-SM-5SI7G"
"LAML(T=173,N=337)",Tumor,5.36,9.7598,3.5499,1.8899,5.2,0.94,5.01,7.77,3.2099,0.07,0.49,0.03,8.7098,4.0799,1,10.9099,126.1581,"GTEX-RTLS-0006-SM-2TF58"
"LAML(T=173,N=337)",Tumor,6.64,7.9201,1.37,2.6001,22.5904,0.99,4.57,4.1799,3.19,0.06,0.33,0.01,2.98,1.64,2.6801,15.3802,127.6181,"GTEX-11P82-0006-SM-5N9FY"
"LAML(T=173,N=337)",Tumor,9.0602,6.1602,2.3999,2.61,16.1797,3.5801,3.42,9.5802,3.0199,0.05,0.5,0.01,1.43,0.88,1.69,26.7904,255.5735,"GTEX-WI4N-0005-SM-3LK7E"
"LAML(T=173,N=337)",Tumor,13.4403,8.2302,1.43,2.19,5.6199,0.84,2.34,5.5398,3.39,0.1,0.17,0.02,6.02,1.28,2.61,10.6499,118.2001,"GTEX-QVUS-0006-SM-3GAE8"
"LAML(T=173,N=337)",Tumor,10.4401,3.71,0.47,1.78,5.7201,0.48,0.2,9.5397,3.16,0.06,0.27,0.02,2.62,1.04,1.13,11.2198,178.5633,"GTEX-13FXS-0006-SM-5O99X"
"LAML(T=173,N=337)",Tumor,6.01,5.3902,2.78,1.96,14.9503,0.96,16.7306,3.7801,4.8099,0.03,1.29,0,9.7903,3.6301,3.0901,9.6501,89.8772,"GTEX-1399U-0005-SM-5NQ8K"
"LAML(T=173,N=337)",Tumor,5.4499,4.7299,1.04,1.5,9.5199,0.61,2.3299,5.1001,1.57,0.06,0.51,0.01,1.9299,0.62,1.64,10.3099,81.8314,"GTEX-XYKS-0005-SM-4BRUD"
"LAML(T=173,N=337)",Tumor,3.41,1.51,0.81,0.74,9.6301,0.17,0.39,1.59,1.06,0.02,0.17,0,0.41,0.29,0.81,6.7998,62.2921,"GTEX-131XE-0006-SM-5P9F9"
"LAML(T=173,N=337)",Tumor,10.5098,12.6502,4.4799,3.8999,25.4403,1.79,22.7601,9.4097,5.1398,0.11,2.5101,0.02,19.3495,4.13,3.84,16.0201,116.6779,"GTEX-WRHK-0005-SM-3MJF5"
"LAML(T=173,N=337)",Tumor,7.4798,3.1999,1.27,1,4.5299,0.7,1.04,5.1602,1.64,0.03,0.32,0.02,4.1401,1,1.5,8.8602,178.8358,"GTEX-NL3H-0006-SM-2I3FW"
"LAML(T=173,N=337)",Tumor,3.51,4.29,2.4501,1.4,16.5495,0.61,5.8399,2.2801,3.93,0.04,1.56,0,7.8697,2.8501,1.77,6.0501,69.0217,"GTEX-Y5V6-0005-SM-4V6FD"
"LAML(T=173,N=337)",Tumor,15.7198,21.0002,4.9599,3.6399,29.1001,2.7,17.6895,16.6796,12.6099,0.13,1.64,0.06,22.7901,6.0501,3.8999,20.7499,150.758,"GTEX-PWN1-0006-SM-5SI7T"
"LAML(T=173,N=337)",Tumor,3.6599,1.95,0.31,0.57,2.56,0.16,0.54,4.1501,0.86,0,0.05,0,0.82,0.3,0.38,5.8399,56.539,"GTEX-148VI-0006-SM-5O9A6"
"LAML(T=173,N=337)",Tumor,7.3799,9.4502,3.4899,2.3299,36.5997,0.99,17.5502,4.8602,5.8899,0.25,3.5801,0.04,9.9801,5.9602,4.3499,16.29,105.7333,"GTEX-QCQG-0006-SM-2S1OW"
"LAML(T=173,N=337)",Tumor,7.6301,3.9601,1.77,2.3001,19.9501,0.56,11.3898,6.3202,3.5801,0.02,0.8,0,5.7301,2.1,2.21,5.9499,94.2999,"GTEX-WFJO-0005-SM-3GIKY"
"LAML(T=173,N=337)",Tumor,11.4698,10.0698,1.41,3.68,19.6605,1.12,4.3499,17.3398,4.7499,0.12,0.77,0.01,5.1502,2.14,3.5001,27.6106,228.3802,"GTEX-OHPJ-0006-SM-3LK6G"
